evaluation_run,checkpoint,dataset,protocol,aggregation,split_begin,split_end,number_of_recordings,number_of_measurements,mae_bpm,mae_standard_error_bpm,recording_macro_rmse_bpm,accuracy_within_5_bpm_percent,completion_status
checkpoint_diagnosis,PURE_BEST_EPOCH22,COHFACE,Official,recording,0.0,1.0,160,160,21.824932493249328,1.5510429799145287,21.824932493249328,30.625000000000004,PASSED
checkpoint_diagnosis,PURE_BEST_EPOCH22,COHFACE,Old,window_to_recording,0.0,1.0,160,8242,40.573249881911394,0.9618953006417732,49.17515414449741,19.6554234409124,PASSED
checkpoint_diagnosis,PURE_BEST_EPOCH22,COHFACE,PRISM,window_to_recording,0.0,1.0,160,810,29.629983084542413,1.0677171558089904,35.78201648288367,24.938271604938272,PASSED
evaluation_protocols,Our PURE intra (epoch 29),BH-rPPG,Official,recording,0.0,1.0,105,105,6.372637263726372,1.4790283177513361,6.372637263726372,87.61904761904762,PASSED
evaluation_protocols,Our PURE intra (epoch 29),BH-rPPG,Old,window_to_recording,0.0,1.0,105,5323,12.969817260237429,1.4457566457123319,19.480528715706782,72.85365395453691,PASSED
evaluation_protocols,Our PURE intra (epoch 29),BH-rPPG,PRISM,window_to_recording,0.0,1.0,105,523,9.460117885044642,1.2233786572237055,12.745393927573948,76.67304015296367,PASSED
evaluation_protocols,Our PURE intra (epoch 29),COHFACE,Official,recording,0.0,1.0,160,160,21.64941494149415,1.5482713187061887,21.64941494149415,28.749999999999996,PASSED
evaluation_protocols,Our PURE intra (epoch 29),COHFACE,Old,window_to_recording,0.0,1.0,160,8242,44.10033994524516,1.1451930839981108,52.67022573147706,18.7939820431934,PASSED
evaluation_protocols,Our PURE intra (epoch 29),COHFACE,PRISM,window_to_recording,0.0,1.0,160,810,29.67015838623047,1.1479809981628475,35.873275979941056,25.925925925925924,PASSED
evaluation_protocols,Our PURE intra (epoch 29),PURE,Official,recording,0.6,1.0,24,24,0.4050405040504034,0.05736970649856848,0.4050405040504034,100.0,PASSED
evaluation_protocols,Our PURE intra (epoch 29),PURE,Old,window_to_recording,0.6,1.0,24,1464,1.2202707837764726,0.2530406333151458,2.4059587436576018,98.15573770491804,PASSED
evaluation_protocols,Our PURE intra (epoch 29),PURE,PRISM,window_to_recording,0.6,1.0,24,153,0.9098052978515625,0.12506359276842635,1.3133573671090526,97.38562091503267,PASSED
evaluation_protocols,Our PURE intra (epoch 29),TokyoTech,Official,recording,0.0,1.0,9,9,0.9600960096009585,0.4472583213320896,0.9600960096009585,100.0,PASSED
evaluation_protocols,Our PURE intra (epoch 29),TokyoTech,Old,window_to_recording,0.0,1.0,9,1521,5.897435897435897,2.499265553096152,12.01868439462398,85.60157790927022,PASSED
evaluation_protocols,Our PURE intra (epoch 29),TokyoTech,PRISM,window_to_recording,0.0,1.0,9,153,3.5544002757352944,1.349992620229686,6.559368349936714,88.88888888888889,PASSED
evaluation_protocols,Our PURE intra (epoch 29),UBFC-PHYS,Official,recording,0.0,1.0,60,60,11.332133213321331,2.024882129538959,11.332133213321331,58.333333333333336,PASSED
evaluation_protocols,Our PURE intra (epoch 29),UBFC-PHYS,Old,window_to_recording,0.0,1.0,60,10140,22.64072978303748,2.049599964117228,30.2297806156027,42.1301775147929,PASSED
evaluation_protocols,Our PURE intra (epoch 29),UBFC-PHYS,PRISM,window_to_recording,0.0,1.0,60,1020,17.98364975873162,1.7083245321177722,23.843689265990335,45.09803921568628,PASSED
evaluation_protocols,Our PURE intra (epoch 29),UBFC-rPPG,Official,recording,0.0,1.0,42,42,1.208692297801208,0.25640204897481716,1.208692297801208,95.23809523809523,PASSED
evaluation_protocols,Our PURE intra (epoch 29),UBFC-rPPG,Old,window_to_recording,0.0,1.0,42,2280,1.6358744267925398,0.18363777376816148,3.300335572629643,95.52631578947368,PASSED
evaluation_protocols,Our PURE intra (epoch 29),UBFC-rPPG,PRISM,window_to_recording,0.0,1.0,42,239,1.26068115234375,0.20460913213590942,1.8919879736528535,94.97907949790795,PASSED
evaluation_protocols,Our UBFC intra (epoch 29),BH-rPPG,Official,recording,0.0,1.0,105,105,2.8237109425228244,0.5474372819486684,2.8237109425228244,91.42857142857143,PASSED
evaluation_protocols,Our UBFC intra (epoch 29),BH-rPPG,Old,window_to_recording,0.0,1.0,105,5323,8.717262905162064,1.1110154316009964,13.941154888449574,80.25549502160436,PASSED
evaluation_protocols,Our UBFC intra (epoch 29),BH-rPPG,PRISM,window_to_recording,0.0,1.0,105,523,6.155587332589286,0.8128404863016675,8.60586638030698,81.83556405353728,PASSED
evaluation_protocols,Our UBFC intra (epoch 29),COHFACE,Official,recording,0.0,1.0,160,160,4.448694869486948,0.5499312117916858,4.448694869486948,77.5,PASSED
evaluation_protocols,Our UBFC intra (epoch 29),COHFACE,Old,window_to_recording,0.0,1.0,160,8242,11.068525745416832,0.6312864688833386,16.035517437708044,58.77214268381461,PASSED
evaluation_protocols,Our UBFC intra (epoch 29),COHFACE,PRISM,window_to_recording,0.0,1.0,160,810,8.88845934186663,0.6620929617231894,11.98056307716536,61.85185185185185,PASSED
evaluation_protocols,Our UBFC intra (epoch 29),PURE,Official,recording,0.0,1.0,59,59,0.6956627866176434,0.14242430036607825,0.6956627866176434,98.30508474576271,PASSED
evaluation_protocols,Our UBFC intra (epoch 29),PURE,Old,window_to_recording,0.0,1.0,59,3576,3.982084233850341,0.9955631093345662,7.61366123350754,92.08612975391499,PASSED
evaluation_protocols,Our UBFC intra (epoch 29),PURE,PRISM,window_to_recording,0.0,1.0,59,374,2.922128303287682,0.7879742622182306,4.501599085936357,92.51336898395722,PASSED
evaluation_protocols,Our UBFC intra (epoch 29),TokyoTech,Official,recording,0.0,1.0,9,9,2.400240024002402,0.9972957985652888,2.400240024002402,77.77777777777779,PASSED
evaluation_protocols,Our UBFC intra (epoch 29),TokyoTech,Old,window_to_recording,0.0,1.0,9,1521,8.712031558185403,2.807264262632429,15.614202690466065,77.51479289940828,PASSED
evaluation_protocols,Our UBFC intra (epoch 29),TokyoTech,PRISM,window_to_recording,0.0,1.0,9,153,4.7370461856617645,2.505650017875896,6.709140469586198,83.66013071895425,PASSED
evaluation_protocols,Our UBFC intra (epoch 29),UBFC-PHYS,Official,recording,0.0,1.0,60,60,7.866786678667866,1.6751043450643979,7.866786678667866,68.33333333333333,PASSED
evaluation_protocols,Our UBFC intra (epoch 29),UBFC-PHYS,Old,window_to_recording,0.0,1.0,60,10140,19.06587771203156,1.6881691168025463,25.500037105054748,44.023668639053255,PASSED
evaluation_protocols,Our UBFC intra (epoch 29),UBFC-PHYS,PRISM,window_to_recording,0.0,1.0,60,1020,16.812313304227942,1.6001688099598366,21.887917888600978,43.627450980392155,PASSED
evaluation_protocols,Our UBFC intra (epoch 29),UBFC-rPPG,Official,recording,0.72,1.0,12,12,0.6300630063006286,0.20948454911144535,0.6300630063006286,100.0,PASSED
evaluation_protocols,Our UBFC intra (epoch 29),UBFC-rPPG,Old,window_to_recording,0.72,1.0,12,668,1.0699971473398944,0.13510284599037306,2.2319961846250203,97.75449101796407,PASSED
evaluation_protocols,Our UBFC intra (epoch 29),UBFC-rPPG,PRISM,window_to_recording,0.72,1.0,12,70,1.036834716796875,0.4350777206005458,1.7749514338737367,98.57142857142858,PASSED
evaluation_protocols_augmentation_stage1,PURE_A1,BH-rPPG,Official,recording,0.0,1.0,105,105,2.65912305516266,0.4751815713601449,2.65912305516266,91.42857142857143,PASSED
evaluation_protocols_augmentation_stage1,PURE_A1,BH-rPPG,Old,window_to_recording,0.0,1.0,105,5323,6.69281579298386,0.7474213390924258,10.308823630800903,79.89855344730415,PASSED
evaluation_protocols_augmentation_stage1,PURE_A1,BH-rPPG,PRISM,window_to_recording,0.0,1.0,105,523,5.647705078125,0.6811072472282259,7.837754343709622,80.11472275334609,PASSED
evaluation_protocols_augmentation_stage1,PURE_A1,COHFACE,Official,recording,0.0,1.0,160,160,5.427542754275427,0.6395494219389035,5.427542754275427,73.125,PASSED
evaluation_protocols_augmentation_stage1,PURE_A1,COHFACE,Old,window_to_recording,0.0,1.0,160,8242,12.88550639708858,0.5763945467380704,17.777231360932156,47.35501091967969,PASSED
evaluation_protocols_augmentation_stage1,PURE_A1,COHFACE,PRISM,window_to_recording,0.0,1.0,160,810,9.968873160226005,0.601123390668464,12.944111133625006,52.59259259259259,PASSED
evaluation_protocols_augmentation_stage1,PURE_A1,PURE,Official,recording,0.8,1.0,12,12,0.3150315031503137,0.0768598167263693,0.3150315031503137,100.0,PASSED
evaluation_protocols_augmentation_stage1,PURE_A1,PURE,Old,window_to_recording,0.8,1.0,12,735,0.6725062272980576,0.07867429342381138,1.3526302268777757,99.31972789115646,PASSED
evaluation_protocols_augmentation_stage1,PURE_A1,PURE,PRISM,window_to_recording,0.8,1.0,12,77,0.65460205078125,0.14859582697400928,0.9650090702620364,98.7012987012987,PASSED
evaluation_protocols_augmentation_stage1,PURE_A1,TokyoTech,Official,recording,0.0,1.0,9,9,0.7800780078007818,0.2561505845557683,0.7800780078007818,100.0,PASSED
evaluation_protocols_augmentation_stage1,PURE_A1,TokyoTech,Old,window_to_recording,0.0,1.0,9,1521,2.4109138724523342,1.0713257661713633,4.062860265090119,91.0585141354372,PASSED
evaluation_protocols_augmentation_stage1,PURE_A1,TokyoTech,PRISM,window_to_recording,0.0,1.0,9,153,2.163516773897059,1.1049877037309954,3.181932866361877,90.19607843137256,PASSED
evaluation_protocols_augmentation_stage1,PURE_A1,UBFC-PHYS,Official,recording,0.0,1.0,60,60,7.407740774077409,1.3850330299728084,7.407740774077409,66.66666666666666,PASSED
evaluation_protocols_augmentation_stage1,PURE_A1,UBFC-PHYS,Old,window_to_recording,0.0,1.0,60,10140,17.556015779092704,1.7154417197921958,23.57777984424463,47.071005917159766,PASSED
evaluation_protocols_augmentation_stage1,PURE_A1,UBFC-PHYS,PRISM,window_to_recording,0.0,1.0,60,1020,15.125265682444853,1.5675278964627704,20.066847692965688,46.86274509803921,PASSED
evaluation_protocols_augmentation_stage1,PURE_A1,UBFC-rPPG,Official,recording,0.0,1.0,42,42,1.1444001543011433,0.24545954385081342,1.1444001543011433,95.23809523809523,PASSED
evaluation_protocols_augmentation_stage1,PURE_A1,UBFC-rPPG,Old,window_to_recording,0.0,1.0,42,2280,1.4664105265555087,0.18524050368134426,3.0388651603988652,97.06140350877193,PASSED
evaluation_protocols_augmentation_stage1,PURE_A1,UBFC-rPPG,PRISM,window_to_recording,0.0,1.0,42,239,1.0425676618303572,0.19007971479385288,1.3747669507249147,96.65271966527197,PASSED
evaluation_protocols_augmentation_stage1,PURE_A2,BH-rPPG,Official,recording,0.0,1.0,105,105,1.8413269898418405,0.24458829620942626,1.8413269898418405,95.23809523809523,PASSED
evaluation_protocols_augmentation_stage1,PURE_A2,BH-rPPG,Old,window_to_recording,0.0,1.0,105,5323,5.12123782846472,0.5812820571418668,7.734370955588172,82.22806687957919,PASSED
evaluation_protocols_augmentation_stage1,PURE_A2,BH-rPPG,PRISM,window_to_recording,0.0,1.0,105,523,4.510044642857143,0.5532316498470055,6.076788506582317,82.60038240917783,PASSED
evaluation_protocols_augmentation_stage1,PURE_A2,COHFACE,Official,recording,0.0,1.0,160,160,5.373537353735373,0.6353314195489415,5.373537353735373,70.0,PASSED
evaluation_protocols_augmentation_stage1,PURE_A2,COHFACE,Old,window_to_recording,0.0,1.0,160,8242,11.755996608336494,0.579389959370981,15.905595379003557,49.660276631885466,PASSED
evaluation_protocols_augmentation_stage1,PURE_A2,COHFACE,PRISM,window_to_recording,0.0,1.0,160,810,9.55807604108538,0.5916046544331245,12.234305396401572,53.827160493827165,PASSED
evaluation_protocols_augmentation_stage1,PURE_A2,PURE,Official,recording,0.8,1.0,12,12,0.27002700270026914,0.0779500813487341,0.27002700270026914,100.0,PASSED
evaluation_protocols_augmentation_stage1,PURE_A2,PURE,Old,window_to_recording,0.8,1.0,12,735,0.7690939700955411,0.2042344271042539,1.6132149389273363,99.18367346938776,PASSED
evaluation_protocols_augmentation_stage1,PURE_A2,PURE,PRISM,window_to_recording,0.8,1.0,12,77,0.6470271519252232,0.14475882365016476,0.901881612549767,98.7012987012987,PASSED
evaluation_protocols_augmentation_stage1,PURE_A2,TokyoTech,Official,recording,0.0,1.0,9,9,0.6600660066006614,0.23666685800978482,0.6600660066006614,100.0,PASSED
evaluation_protocols_augmentation_stage1,PURE_A2,TokyoTech,Old,window_to_recording,0.0,1.0,9,1521,1.8205128205128203,0.5989209963927932,3.5849051149034974,93.68836291913215,PASSED
evaluation_protocols_augmentation_stage1,PURE_A2,TokyoTech,PRISM,window_to_recording,0.0,1.0,9,153,1.804486443014706,0.81750427589449,2.7832670507706885,92.81045751633987,PASSED
evaluation_protocols_augmentation_stage1,PURE_A2,UBFC-PHYS,Official,recording,0.0,1.0,60,60,8.064806480648064,1.4098332901818291,8.064806480648064,63.33333333333333,PASSED
evaluation_protocols_augmentation_stage1,PURE_A2,UBFC-PHYS,Old,window_to_recording,0.0,1.0,60,10140,17.090927021696253,1.5722575062402484,22.5320847886322,45.45364891518738,PASSED
evaluation_protocols_augmentation_stage1,PURE_A2,UBFC-PHYS,PRISM,window_to_recording,0.0,1.0,60,1020,14.925357594209562,1.473812446968167,19.792012675679604,46.76470588235294,PASSED
evaluation_protocols_augmentation_stage1,PURE_A2,UBFC-rPPG,Official,recording,0.0,1.0,42,42,1.0286742960010278,0.24787737253331188,1.0286742960010278,95.23809523809523,PASSED
evaluation_protocols_augmentation_stage1,PURE_A2,UBFC-rPPG,Old,window_to_recording,0.0,1.0,42,2280,1.3897720491705454,0.2296690317999319,2.5965883381162356,97.23684210526315,PASSED
evaluation_protocols_augmentation_stage1,PURE_A2,UBFC-rPPG,PRISM,window_to_recording,0.0,1.0,42,239,1.1107090541294642,0.25495423731107664,1.5068971053902702,97.48953974895397,PASSED
evaluation_protocols_augmentation_stage1,PURE_A3,BH-rPPG,Official,recording,0.0,1.0,105,105,3.266040889803266,0.7164397432391607,3.266040889803266,89.52380952380953,PASSED
evaluation_protocols_augmentation_stage1,PURE_A3,BH-rPPG,Old,window_to_recording,0.0,1.0,105,5323,7.7252554355075365,0.9231263968208209,11.821094019002311,77.66297200826602,PASSED
evaluation_protocols_augmentation_stage1,PURE_A3,BH-rPPG,PRISM,window_to_recording,0.0,1.0,105,523,6.413295200892857,0.9129488885729407,8.31814389447417,78.0114722753346,PASSED
evaluation_protocols_augmentation_stage1,PURE_A3,COHFACE,Official,recording,0.0,1.0,160,160,4.718721872187219,0.6184422992164735,4.718721872187219,77.5,PASSED
evaluation_protocols_augmentation_stage1,PURE_A3,COHFACE,Old,window_to_recording,0.0,1.0,160,8242,15.48719589849794,0.7498444269882464,23.429120666913583,51.35889347245814,PASSED
evaluation_protocols_augmentation_stage1,PURE_A3,COHFACE,PRISM,window_to_recording,0.0,1.0,160,810,11.494226728166854,0.7428200713267755,15.81010956309467,57.03703703703704,PASSED
evaluation_protocols_augmentation_stage1,PURE_A3,PURE,Official,recording,0.8,1.0,12,12,0.27002700270026914,0.0779500813487341,0.27002700270026914,100.0,PASSED
evaluation_protocols_augmentation_stage1,PURE_A3,PURE,Old,window_to_recording,0.8,1.0,12,735,0.6533677765021049,0.07545838703173587,1.2856682221618365,99.45578231292517,PASSED
evaluation_protocols_augmentation_stage1,PURE_A3,PURE,PRISM,window_to_recording,0.8,1.0,12,77,0.6817408970424107,0.17510573055106574,1.0008760743320388,98.7012987012987,PASSED
evaluation_protocols_augmentation_stage1,PURE_A3,TokyoTech,Official,recording,0.0,1.0,9,9,0.7200720072007224,0.2814530908984949,0.7200720072007224,100.0,PASSED
evaluation_protocols_augmentation_stage1,PURE_A3,TokyoTech,Old,window_to_recording,0.0,1.0,9,1521,1.9375410913872448,0.5807137789512933,3.187384516371636,93.88560157790927,PASSED
evaluation_protocols_augmentation_stage1,PURE_A3,TokyoTech,PRISM,window_to_recording,0.0,1.0,9,153,1.6472311580882353,0.4674739744163056,2.630314667277441,92.81045751633987,PASSED
evaluation_protocols_augmentation_stage1,PURE_A3,UBFC-PHYS,Official,recording,0.0,1.0,60,60,7.848784878487849,1.4565596081049117,7.848784878487849,66.66666666666666,PASSED
evaluation_protocols_augmentation_stage1,PURE_A3,UBFC-PHYS,Old,window_to_recording,0.0,1.0,60,10140,18.351380670611437,1.7195541499796811,24.543256996085947,44.891518737672584,PASSED
evaluation_protocols_augmentation_stage1,PURE_A3,UBFC-PHYS,PRISM,window_to_recording,0.0,1.0,60,1020,15.714865291819853,1.58292809856851,20.559185876550902,45.3921568627451,PASSED
evaluation_protocols_augmentation_stage1,PURE_A3,UBFC-rPPG,Official,recording,0.0,1.0,42,42,1.1186832969011182,0.24693061936413896,1.1186832969011182,95.23809523809523,PASSED
evaluation_protocols_augmentation_stage1,PURE_A3,UBFC-rPPG,Old,window_to_recording,0.0,1.0,42,2280,1.4031229779031853,0.1593689156902817,2.71023371897304,97.01754385964912,PASSED
evaluation_protocols_augmentation_stage1,PURE_A3,UBFC-rPPG,PRISM,window_to_recording,0.0,1.0,42,239,0.863037109375,0.10985299867473894,1.1573643581257467,98.32635983263597,PASSED
evaluation_protocols_augmentation_stage1,UBFC_A1,BH-rPPG,Official,recording,0.0,1.0,105,105,2.906004886202907,0.6726767372340873,2.906004886202907,92.38095238095238,PASSED
evaluation_protocols_augmentation_stage1,UBFC_A1,BH-rPPG,Old,window_to_recording,0.0,1.0,105,5323,7.76954515139389,0.9616540963229984,11.6991545111774,78.15141837309788,PASSED
evaluation_protocols_augmentation_stage1,UBFC_A1,BH-rPPG,PRISM,window_to_recording,0.0,1.0,105,523,5.667532784598214,0.7516024426245839,7.570470825446022,78.39388145315488,PASSED
evaluation_protocols_augmentation_stage1,UBFC_A1,COHFACE,Official,recording,0.0,1.0,160,160,8.62061206120612,0.6852332158294318,8.62061206120612,50.625,PASSED
evaluation_protocols_augmentation_stage1,UBFC_A1,COHFACE,Old,window_to_recording,0.0,1.0,160,8242,14.431654704360739,0.6101766116454971,18.722976008243087,41.11866051929143,PASSED
evaluation_protocols_augmentation_stage1,UBFC_A1,COHFACE,PRISM,window_to_recording,0.0,1.0,160,810,10.557226998465401,0.5103402678458017,13.427267315599096,44.32098765432099,PASSED
evaluation_protocols_augmentation_stage1,UBFC_A1,PURE,Official,recording,0.0,1.0,59,59,2.2792109719446505,1.0724062148815101,2.2792109719446505,93.22033898305084,PASSED
evaluation_protocols_augmentation_stage1,UBFC_A1,PURE,Old,window_to_recording,0.0,1.0,59,3576,4.995624410811173,0.9848037802138588,10.234280578168871,89.59731543624162,PASSED
evaluation_protocols_augmentation_stage1,UBFC_A1,PURE,PRISM,window_to_recording,0.0,1.0,59,374,5.707747711107749,1.279888876655647,8.779708370214813,86.63101604278076,PASSED
evaluation_protocols_augmentation_stage1,UBFC_A1,TokyoTech,Official,recording,0.0,1.0,9,9,0.540054005400541,0.2545838996171182,0.540054005400541,100.0,PASSED
evaluation_protocols_augmentation_stage1,UBFC_A1,TokyoTech,Old,window_to_recording,0.0,1.0,9,1521,3.8671926364234057,2.352516069136252,6.19642382605068,88.69165023011178,PASSED
evaluation_protocols_augmentation_stage1,UBFC_A1,TokyoTech,PRISM,window_to_recording,0.0,1.0,9,153,2.8133616727941178,1.7417440216823623,3.835635752121792,88.88888888888889,PASSED
evaluation_protocols_augmentation_stage1,UBFC_A1,UBFC-PHYS,Official,recording,0.0,1.0,60,60,7.866786678667868,1.6428241376485606,7.866786678667868,66.66666666666666,PASSED
evaluation_protocols_augmentation_stage1,UBFC_A1,UBFC-PHYS,Old,window_to_recording,0.0,1.0,60,10140,17.640532544378697,1.5315219226857284,23.462063904905445,43.46153846153846,PASSED
evaluation_protocols_augmentation_stage1,UBFC_A1,UBFC-PHYS,PRISM,window_to_recording,0.0,1.0,60,1020,15.591322954963234,1.374396784006823,20.543613179431198,43.627450980392155,PASSED
evaluation_protocols_augmentation_stage1,UBFC_A1,UBFC-rPPG,Official,recording,0.8,1.0,9,9,0.5400540054005426,0.24002400240024122,0.5400540054005426,100.0,PASSED
evaluation_protocols_augmentation_stage1,UBFC_A1,UBFC-rPPG,Old,window_to_recording,0.8,1.0,9,497,0.6030523463129367,0.056803244906261784,1.1775032751896368,98.99396378269618,PASSED
evaluation_protocols_augmentation_stage1,UBFC_A1,UBFC-rPPG,PRISM,window_to_recording,0.8,1.0,9,52,0.4750569661458333,0.06046357191483533,0.6140939791853937,100.0,PASSED
evaluation_protocols_augmentation_stage1,UBFC_A2,BH-rPPG,Official,recording,0.0,1.0,105,105,2.566542368522566,0.4398578663801023,2.566542368522566,92.38095238095238,PASSED
evaluation_protocols_augmentation_stage1,UBFC_A2,BH-rPPG,Old,window_to_recording,0.0,1.0,105,5323,6.325650260104043,0.7703426611676771,10.08678117720598,79.65433026488822,PASSED
evaluation_protocols_augmentation_stage1,UBFC_A2,BH-rPPG,PRISM,window_to_recording,0.0,1.0,105,523,4.522705078125,0.5132098991463697,6.075755436458597,81.07074569789675,PASSED
evaluation_protocols_augmentation_stage1,UBFC_A2,COHFACE,Official,recording,0.0,1.0,160,160,3.2639513951395136,0.48068283319956445,3.2639513951395136,86.25,PASSED
evaluation_protocols_augmentation_stage1,UBFC_A2,COHFACE,Old,window_to_recording,0.0,1.0,160,8242,7.903320471943687,0.5305385515142086,11.570547702904427,66.82843969910216,PASSED
evaluation_protocols_augmentation_stage1,UBFC_A2,COHFACE,PRISM,window_to_recording,0.0,1.0,160,810,6.777563912527901,0.5248099762790647,9.171152002278344,66.91358024691358,PASSED
evaluation_protocols_augmentation_stage1,UBFC_A2,PURE,Official,recording,0.0,1.0,59,59,3.6979969183359014,1.4879825257725374,3.6979969183359014,91.52542372881356,PASSED
evaluation_protocols_augmentation_stage1,UBFC_A2,PURE,Old,window_to_recording,0.0,1.0,59,3576,4.576142884642959,0.7962668573329909,8.956272574234092,88.75838926174497,PASSED
evaluation_protocols_augmentation_stage1,UBFC_A2,PURE,PRISM,window_to_recording,0.0,1.0,59,374,5.230398847750833,0.9632354964485943,8.75729941009584,86.63101604278076,PASSED
evaluation_protocols_augmentation_stage1,UBFC_A2,TokyoTech,Official,recording,0.0,1.0,9,9,0.7800780078007834,0.2698417354381837,0.7800780078007834,100.0,PASSED
evaluation_protocols_augmentation_stage1,UBFC_A2,TokyoTech,Old,window_to_recording,0.0,1.0,9,1521,2.9868507560815254,1.5708385237258888,5.019710036925927,90.8612754766601,PASSED
evaluation_protocols_augmentation_stage1,UBFC_A2,TokyoTech,PRISM,window_to_recording,0.0,1.0,9,153,2.4062212775735294,1.4451059571823952,3.650491296103833,92.81045751633987,PASSED
evaluation_protocols_augmentation_stage1,UBFC_A2,UBFC-PHYS,Official,recording,0.0,1.0,60,60,8.127812781278129,1.409405589232124,8.127812781278129,61.66666666666667,PASSED
evaluation_protocols_augmentation_stage1,UBFC_A2,UBFC-PHYS,Old,window_to_recording,0.0,1.0,60,10140,18.725443786982247,1.6626552697104466,24.837868273182984,42.84023668639053,PASSED
evaluation_protocols_augmentation_stage1,UBFC_A2,UBFC-PHYS,PRISM,window_to_recording,0.0,1.0,60,1020,15.611572265624998,1.4057818816653034,20.33493490722527,43.13725490196079,PASSED
evaluation_protocols_augmentation_stage1,UBFC_A2,UBFC-rPPG,Official,recording,0.8,1.0,9,9,0.4800480048004816,0.21542813509889078,0.4800480048004816,100.0,PASSED
evaluation_protocols_augmentation_stage1,UBFC_A2,UBFC-rPPG,Old,window_to_recording,0.8,1.0,9,497,0.7333238244663147,0.11988863436420667,1.7850136795747749,98.59154929577466,PASSED
evaluation_protocols_augmentation_stage1,UBFC_A2,UBFC-rPPG,PRISM,window_to_recording,0.8,1.0,9,52,0.4994710286458333,0.06512182490742825,0.6379492294944868,100.0,PASSED
evaluation_protocols_augmentation_stage1,UBFC_A3,BH-rPPG,Official,recording,0.0,1.0,105,105,8.414555741288416,1.5138259238692169,8.414555741288416,71.42857142857143,PASSED
evaluation_protocols_augmentation_stage1,UBFC_A3,BH-rPPG,Old,window_to_recording,0.0,1.0,105,5323,12.5049699879952,1.274936776158587,17.919103081911175,67.34923915085477,PASSED
evaluation_protocols_augmentation_stage1,UBFC_A3,BH-rPPG,PRISM,window_to_recording,0.0,1.0,105,523,9.521013532366071,1.1545216774819291,12.209940310762464,69.21606118546845,PASSED
evaluation_protocols_augmentation_stage1,UBFC_A3,COHFACE,Official,recording,0.0,1.0,160,160,4.43856885688569,0.5681741247551965,4.43856885688569,77.5,PASSED
evaluation_protocols_augmentation_stage1,UBFC_A3,COHFACE,Old,window_to_recording,0.0,1.0,160,8242,11.863983397698625,0.6087914061761255,18.490982728743468,57.81363746663432,PASSED
evaluation_protocols_augmentation_stage1,UBFC_A3,COHFACE,PRISM,window_to_recording,0.0,1.0,160,810,9.45599147251674,0.6581557325653123,12.803092633737297,58.395061728395056,PASSED
evaluation_protocols_augmentation_stage1,UBFC_A3,PURE,Official,recording,0.0,1.0,59,59,1.2997909960487566,0.36225464207640534,1.2997909960487566,94.91525423728814,PASSED
evaluation_protocols_augmentation_stage1,UBFC_A3,PURE,Old,window_to_recording,0.0,1.0,59,3576,4.266912260456816,0.8881911499896267,8.004053707811426,87.97539149888142,PASSED
evaluation_protocols_augmentation_stage1,UBFC_A3,PURE,PRISM,window_to_recording,0.0,1.0,59,374,4.304585676216329,0.8963101025091507,6.859172312190867,87.96791443850267,PASSED
evaluation_protocols_augmentation_stage1,UBFC_A3,TokyoTech,Official,recording,0.0,1.0,9,9,2.0402040204020437,0.9704578034369997,2.0402040204020437,88.88888888888889,PASSED
evaluation_protocols_augmentation_stage1,UBFC_A3,TokyoTech,Old,window_to_recording,0.0,1.0,9,1521,3.902695595003287,0.9045074773481944,10.23067286896298,90.8612754766601,PASSED
evaluation_protocols_augmentation_stage1,UBFC_A3,TokyoTech,PRISM,window_to_recording,0.0,1.0,9,153,1.725499770220588,0.6110514815243968,2.989826328520641,95.42483660130719,PASSED
evaluation_protocols_augmentation_stage1,UBFC_A3,UBFC-PHYS,Official,recording,0.0,1.0,60,60,6.606660666066606,1.2159124449689358,6.606660666066606,65.0,PASSED
evaluation_protocols_augmentation_stage1,UBFC_A3,UBFC-PHYS,Old,window_to_recording,0.0,1.0,60,10140,20.48915187376726,1.569129076631397,27.854807571566823,40.18737672583826,PASSED
evaluation_protocols_augmentation_stage1,UBFC_A3,UBFC-PHYS,PRISM,window_to_recording,0.0,1.0,60,1020,17.15375114889706,1.399426542804958,22.542411882328352,40.09803921568628,PASSED
evaluation_protocols_augmentation_stage1,UBFC_A3,UBFC-rPPG,Official,recording,0.8,1.0,9,9,0.4800480048004816,0.23153989204500977,0.4800480048004816,100.0,PASSED
evaluation_protocols_augmentation_stage1,UBFC_A3,UBFC-rPPG,Old,window_to_recording,0.8,1.0,9,497,1.1116340987971283,0.2667739413190307,2.335771348684592,98.39034205231388,PASSED
evaluation_protocols_augmentation_stage1,UBFC_A3,UBFC-rPPG,PRISM,window_to_recording,0.8,1.0,9,52,0.6113688151041666,0.05678015323604188,0.787431681678535,100.0,PASSED
evaluation_protocols_cross_matched,Our PURE cross-matched,BH-rPPG,Official,recording,0.0,1.0,105,105,3.086022888003086,0.8456964774058293,3.086022888003086,92.38095238095238,PASSED
evaluation_protocols_cross_matched,Our PURE cross-matched,BH-rPPG,Old,window_to_recording,0.0,1.0,105,5323,9.721184473789515,1.2218177949722995,14.834855054371522,77.88840879203457,PASSED
evaluation_protocols_cross_matched,Our PURE cross-matched,BH-rPPG,PRISM,window_to_recording,0.0,1.0,105,523,6.303902762276786,0.826449182278864,8.838440633429023,80.68833652007649,PASSED
evaluation_protocols_cross_matched,Our PURE cross-matched,COHFACE,Official,recording,0.0,1.0,160,160,6.838433843384339,0.7920024720099235,6.838433843384339,68.75,PASSED
evaluation_protocols_cross_matched,Our PURE cross-matched,COHFACE,Old,window_to_recording,0.0,1.0,160,8242,13.283627670937927,0.6810144211309697,17.919157014031605,47.82819703955351,PASSED
evaluation_protocols_cross_matched,Our PURE cross-matched,COHFACE,PRISM,window_to_recording,0.0,1.0,160,810,10.397791181291854,0.6615068321595724,13.311995602423107,52.96296296296297,PASSED
evaluation_protocols_cross_matched,Our PURE cross-matched,PURE,Official,recording,0.8,1.0,12,12,0.22502250225022222,0.07685981672636867,0.22502250225022222,100.0,PASSED
evaluation_protocols_cross_matched,Our PURE cross-matched,PURE,Old,window_to_recording,0.8,1.0,12,735,0.7612871875440611,0.09547414618218147,1.4879072622584044,98.91156462585035,PASSED
evaluation_protocols_cross_matched,Our PURE cross-matched,PURE,PRISM,window_to_recording,0.8,1.0,12,77,1.265444074358259,0.42516501441795584,2.5653352658714685,94.8051948051948,PASSED
evaluation_protocols_cross_matched,Our PURE cross-matched,TokyoTech,Official,recording,0.0,1.0,9,9,3.780378037803781,2.934778100363031,3.780378037803781,88.88888888888889,PASSED
evaluation_protocols_cross_matched,Our PURE cross-matched,TokyoTech,Old,window_to_recording,0.0,1.0,9,1521,4.483892176199869,2.3634678276211925,7.341584562342997,86.3905325443787,PASSED
evaluation_protocols_cross_matched,Our PURE cross-matched,TokyoTech,PRISM,window_to_recording,0.0,1.0,9,153,3.8638844209558822,2.4997094186044087,4.834500191068092,86.9281045751634,PASSED
evaluation_protocols_cross_matched,Our PURE cross-matched,UBFC-PHYS,Official,recording,0.0,1.0,60,60,9.153915391539153,1.7181313149824586,9.153915391539153,61.66666666666667,PASSED
evaluation_protocols_cross_matched,Our PURE cross-matched,UBFC-PHYS,Old,window_to_recording,0.0,1.0,60,10140,18.21282051282052,1.703033804680674,24.221329439952004,45.81854043392505,PASSED
evaluation_protocols_cross_matched,Our PURE cross-matched,UBFC-PHYS,PRISM,window_to_recording,0.0,1.0,60,1020,15.654655905330882,1.5362346477972484,20.480453699782142,45.78431372549019,PASSED
evaluation_protocols_cross_matched,Our PURE cross-matched,UBFC-rPPG,Official,recording,0.0,1.0,42,42,1.5044361579015042,0.33260145390201273,1.5044361579015042,92.85714285714286,PASSED
evaluation_protocols_cross_matched,Our PURE cross-matched,UBFC-rPPG,Old,window_to_recording,0.0,1.0,42,2280,1.8703500056419657,0.32775515614551914,4.023707364760859,95.7017543859649,PASSED
evaluation_protocols_cross_matched,Our PURE cross-matched,UBFC-rPPG,PRISM,window_to_recording,0.0,1.0,42,239,1.0849434988839286,0.1754876823001257,1.6054529616112792,95.39748953974896,PASSED
evaluation_protocols_cross_matched,Our UBFC cross-matched (seed 100),BH-rPPG,Official,recording,0.0,1.0,105,105,3.5900732930435906,0.8497304528775628,3.5900732930435906,89.52380952380953,PASSED
evaluation_protocols_cross_matched,Our UBFC cross-matched (seed 100),BH-rPPG,Old,window_to_recording,0.0,1.0,105,5323,7.750668267306923,1.0059688238212685,11.737084278569137,78.4144279541612,PASSED
evaluation_protocols_cross_matched,Our UBFC cross-matched (seed 100),BH-rPPG,PRISM,window_to_recording,0.0,1.0,105,523,5.580426897321429,0.7787866681999469,7.492612783844262,79.92351816443595,PASSED
evaluation_protocols_cross_matched,Our UBFC cross-matched (seed 100),COHFACE,Official,recording,0.0,1.0,160,160,8.02317731773177,0.7370279154948175,8.02317731773177,58.12500000000001,PASSED
evaluation_protocols_cross_matched,Our UBFC cross-matched (seed 100),COHFACE,Old,window_to_recording,0.0,1.0,160,8242,15.525591916228034,0.6348778475216516,20.353676110541443,40.12375636981315,PASSED
evaluation_protocols_cross_matched,Our UBFC cross-matched (seed 100),COHFACE,PRISM,window_to_recording,0.0,1.0,160,810,10.882298060825892,0.5547534440425647,14.135143563108794,47.03703703703704,PASSED
evaluation_protocols_cross_matched,Our UBFC cross-matched (seed 100),PURE,Official,recording,0.0,1.0,59,59,0.6773558711803374,0.16557044972730672,0.6773558711803374,96.61016949152543,PASSED
evaluation_protocols_cross_matched,Our UBFC cross-matched (seed 100),PURE,Old,window_to_recording,0.0,1.0,59,3576,2.863175639886227,0.8797023961320184,4.926126224841888,93.20469798657717,PASSED
evaluation_protocols_cross_matched,Our UBFC cross-matched (seed 100),PURE,PRISM,window_to_recording,0.0,1.0,59,374,2.686585063795777,0.9107351915049045,4.1625693546259805,92.7807486631016,PASSED
evaluation_protocols_cross_matched,Our UBFC cross-matched (seed 100),TokyoTech,Official,recording,0.0,1.0,9,9,1.2001200120012026,0.33707969889694267,1.2001200120012026,100.0,PASSED
evaluation_protocols_cross_matched,Our UBFC cross-matched (seed 100),TokyoTech,Old,window_to_recording,0.0,1.0,9,1521,6.500986193293886,3.2128048461390986,10.401511771224646,81.85404339250493,PASSED
evaluation_protocols_cross_matched,Our UBFC cross-matched (seed 100),TokyoTech,PRISM,window_to_recording,0.0,1.0,9,153,4.28323184742647,2.6491747798609073,5.8330194400972,84.31372549019608,PASSED
evaluation_protocols_cross_matched,Our UBFC cross-matched (seed 100),UBFC-PHYS,Official,recording,0.0,1.0,60,60,7.452745274527453,1.3579014547577462,7.452745274527453,61.66666666666667,PASSED
evaluation_protocols_cross_matched,Our UBFC cross-matched (seed 100),UBFC-PHYS,Old,window_to_recording,0.0,1.0,60,10140,18.024457593688364,1.534228457085386,23.81515429175605,42.60355029585799,PASSED
evaluation_protocols_cross_matched,Our UBFC cross-matched (seed 100),UBFC-PHYS,PRISM,window_to_recording,0.0,1.0,60,1020,15.45937930836397,1.3450837880612359,20.37738420911906,43.23529411764706,PASSED
evaluation_protocols_cross_matched,Our UBFC cross-matched (seed 100),UBFC-rPPG,Official,recording,0.8,1.0,9,9,0.5400540054005395,0.2245218953959768,0.5400540054005395,100.0,PASSED
evaluation_protocols_cross_matched,Our UBFC cross-matched (seed 100),UBFC-rPPG,Old,window_to_recording,0.8,1.0,9,497,0.8034992630628061,0.07804679648804637,1.4853108134686108,98.59154929577466,PASSED
evaluation_protocols_cross_matched,Our UBFC cross-matched (seed 100),UBFC-rPPG,PRISM,window_to_recording,0.8,1.0,9,52,0.5828857421875,0.06750756845311302,0.7298724049398815,100.0,PASSED
evaluation_protocols_harmonic_loss,PURE_A0_HARMONIC,BH-rPPG,Official,recording,0.0,1.0,105,105,1.882473961681883,0.22444370589432902,1.882473961681883,95.23809523809523,PASSED
evaluation_protocols_harmonic_loss,PURE_A0_HARMONIC,BH-rPPG,Old,window_to_recording,0.0,1.0,105,5323,7.331631319194343,0.8984075753994433,11.930875342327559,80.91301897426263,PASSED
evaluation_protocols_harmonic_loss,PURE_A0_HARMONIC,BH-rPPG,PRISM,window_to_recording,0.0,1.0,105,523,5.411917550223214,0.6882186626389559,7.733275350937708,82.98279158699809,PASSED
evaluation_protocols_harmonic_loss,PURE_A0_HARMONIC,COHFACE,Official,recording,0.0,1.0,160,160,5.8427092709270925,0.6662145403897238,5.8427092709270925,68.75,PASSED
evaluation_protocols_harmonic_loss,PURE_A0_HARMONIC,COHFACE,Old,window_to_recording,0.0,1.0,160,8242,14.192932259730526,0.5995766112424553,20.058542188227673,47.05168648386314,PASSED
evaluation_protocols_harmonic_loss,PURE_A0_HARMONIC,COHFACE,PRISM,window_to_recording,0.0,1.0,160,810,10.679910932268417,0.5680240864219387,14.05508628010303,50.49382716049383,PASSED
evaluation_protocols_harmonic_loss,PURE_A0_HARMONIC,PURE,Official,recording,0.8,1.0,12,12,0.22502250225022338,0.07685981672636907,0.22502250225022338,100.0,PASSED
evaluation_protocols_harmonic_loss,PURE_A0_HARMONIC,PURE,Old,window_to_recording,0.8,1.0,12,735,0.9664926044541128,0.10404671752938706,1.557912332199758,98.77551020408163,PASSED
evaluation_protocols_harmonic_loss,PURE_A0_HARMONIC,PURE,PRISM,window_to_recording,0.8,1.0,12,77,0.7153102329799107,0.0804804203214703,0.8798867190402214,100.0,PASSED
evaluation_protocols_harmonic_loss,PURE_A0_HARMONIC,TokyoTech,Official,recording,0.0,1.0,9,9,0.7200720072007208,0.2683549927992535,0.7200720072007208,100.0,PASSED
evaluation_protocols_harmonic_loss,PURE_A0_HARMONIC,TokyoTech,Old,window_to_recording,0.0,1.0,9,1521,2.4700854700854697,1.0386001336952537,4.0593067141285495,92.5706771860618,PASSED
evaluation_protocols_harmonic_loss,PURE_A0_HARMONIC,TokyoTech,PRISM,window_to_recording,0.0,1.0,9,153,1.3233857996323526,0.34164263482770973,1.9568387465541879,93.4640522875817,PASSED
evaluation_protocols_harmonic_loss,PURE_A0_HARMONIC,UBFC-PHYS,Official,recording,0.0,1.0,60,60,9.360936093609359,1.8587530653752742,9.360936093609359,61.66666666666667,PASSED
evaluation_protocols_harmonic_loss,PURE_A0_HARMONIC,UBFC-PHYS,Old,window_to_recording,0.0,1.0,60,10140,19.123372781065086,1.836651604569907,25.44673814421936,45.06903353057199,PASSED
evaluation_protocols_harmonic_loss,PURE_A0_HARMONIC,UBFC-PHYS,PRISM,window_to_recording,0.0,1.0,60,1020,16.71300551470588,1.6627223059964427,21.905512987512246,45.88235294117647,PASSED
evaluation_protocols_harmonic_loss,PURE_A0_HARMONIC,UBFC-rPPG,Official,recording,0.0,1.0,42,42,1.5815867301015805,0.48433550235816664,1.5815867301015805,92.85714285714286,PASSED
evaluation_protocols_harmonic_loss,PURE_A0_HARMONIC,UBFC-rPPG,Old,window_to_recording,0.0,1.0,42,2280,2.4422527761639525,0.5024627861069948,5.263282848887617,94.34210526315789,PASSED
evaluation_protocols_harmonic_loss,PURE_A0_HARMONIC,UBFC-rPPG,PRISM,window_to_recording,0.0,1.0,42,239,1.6640799386160714,0.38090938715886585,2.8099201734710855,94.14225941422593,PASSED
evaluation_protocols_harmonic_loss,PURE_A2_HARMONIC,BH-rPPG,Official,recording,0.0,1.0,105,105,1.795036646521795,0.21212840835921187,1.795036646521795,98.09523809523809,PASSED
evaluation_protocols_harmonic_loss,PURE_A2_HARMONIC,BH-rPPG,Old,window_to_recording,0.0,1.0,105,5323,6.003814859277044,0.6787694240615828,9.682046365738497,82.22806687957919,PASSED
evaluation_protocols_harmonic_loss,PURE_A2_HARMONIC,BH-rPPG,PRISM,window_to_recording,0.0,1.0,105,523,4.905866350446429,0.6608099099725872,6.598860690179816,83.36520076481835,PASSED
evaluation_protocols_harmonic_loss,PURE_A2_HARMONIC,COHFACE,Official,recording,0.0,1.0,160,160,5.808955895589558,0.6037750884825777,5.808955895589558,66.25,PASSED
evaluation_protocols_harmonic_loss,PURE_A2_HARMONIC,COHFACE,Old,window_to_recording,0.0,1.0,160,8242,14.97247088217324,0.6290274105363359,21.16780787478645,47.40354282941034,PASSED
evaluation_protocols_harmonic_loss,PURE_A2_HARMONIC,COHFACE,PRISM,window_to_recording,0.0,1.0,160,810,12.181578499930245,0.6669643657832063,16.357261700713217,50.49382716049383,PASSED
evaluation_protocols_harmonic_loss,PURE_A2_HARMONIC,PURE,Official,recording,0.8,1.0,12,12,0.31503150315031253,0.07685981672636902,0.31503150315031253,100.0,PASSED
evaluation_protocols_harmonic_loss,PURE_A2_HARMONIC,PURE,Old,window_to_recording,0.8,1.0,12,735,0.8995927917766094,0.12477114272826526,1.7143700292808022,99.18367346938776,PASSED
evaluation_protocols_harmonic_loss,PURE_A2_HARMONIC,PURE,PRISM,window_to_recording,0.8,1.0,12,77,0.9937286376953125,0.18094322818916278,1.5862803212782148,96.1038961038961,PASSED
evaluation_protocols_harmonic_loss,PURE_A2_HARMONIC,TokyoTech,Official,recording,0.0,1.0,9,9,0.8400840084008429,0.25615058455576856,0.8400840084008429,100.0,PASSED
evaluation_protocols_harmonic_loss,PURE_A2_HARMONIC,TokyoTech,Old,window_to_recording,0.0,1.0,9,1521,3.2064431295200526,1.1795892189395336,6.0840554355381915,89.94082840236686,PASSED
evaluation_protocols_harmonic_loss,PURE_A2_HARMONIC,TokyoTech,PRISM,window_to_recording,0.0,1.0,9,153,2.750172334558824,1.3938118309275245,4.15571896624994,89.54248366013073,PASSED
evaluation_protocols_harmonic_loss,PURE_A2_HARMONIC,UBFC-PHYS,Official,recording,0.0,1.0,60,60,8.928892889288928,1.752032389199008,8.928892889288928,63.33333333333333,PASSED
evaluation_protocols_harmonic_loss,PURE_A2_HARMONIC,UBFC-PHYS,Old,window_to_recording,0.0,1.0,60,10140,18.111143984220906,1.6945271780215987,24.106045924380094,45.41420118343195,PASSED
evaluation_protocols_harmonic_loss,PURE_A2_HARMONIC,UBFC-PHYS,PRISM,window_to_recording,0.0,1.0,60,1020,15.8697509765625,1.5462448176904393,20.843962922049553,45.78431372549019,PASSED
evaluation_protocols_harmonic_loss,PURE_A2_HARMONIC,UBFC-rPPG,Official,recording,0.0,1.0,42,42,1.1444001543011435,0.2393204593678731,1.1444001543011435,95.23809523809523,PASSED
evaluation_protocols_harmonic_loss,PURE_A2_HARMONIC,UBFC-rPPG,Old,window_to_recording,0.0,1.0,42,2280,1.8772084443533512,0.2340336816522496,4.227066219276685,95.96491228070175,PASSED
evaluation_protocols_harmonic_loss,PURE_A2_HARMONIC,UBFC-rPPG,PRISM,window_to_recording,0.0,1.0,42,239,1.4735630580357142,0.24703758438331613,2.1726763809337135,93.72384937238493,PASSED
evaluation_protocols_harmonic_loss,UBFC_A0_HARMONIC,BH-rPPG,Official,recording,0.0,1.0,105,105,4.500450045004501,0.7837076042058072,4.500450045004501,80.95238095238095,PASSED
evaluation_protocols_harmonic_loss,UBFC_A0_HARMONIC,BH-rPPG,Old,window_to_recording,0.0,1.0,105,5323,6.907531012404961,0.7178815427382548,8.989310893199283,70.48656772496712,PASSED
evaluation_protocols_harmonic_loss,UBFC_A0_HARMONIC,BH-rPPG,PRISM,window_to_recording,0.0,1.0,105,523,5.874128069196429,0.6743840114702302,7.371003878045724,72.65774378585085,PASSED
evaluation_protocols_harmonic_loss,UBFC_A0_HARMONIC,COHFACE,Official,recording,0.0,1.0,160,160,4.43856885688569,0.621386198513192,4.43856885688569,79.375,PASSED
evaluation_protocols_harmonic_loss,UBFC_A0_HARMONIC,COHFACE,Old,window_to_recording,0.0,1.0,160,8242,11.591883234404952,0.6940022072591746,15.262972485995732,53.42149963601067,PASSED
evaluation_protocols_harmonic_loss,UBFC_A0_HARMONIC,COHFACE,PRISM,window_to_recording,0.0,1.0,160,810,9.222567967006139,0.6638405595967795,11.671209519481945,59.135802469135804,PASSED
evaluation_protocols_harmonic_loss,UBFC_A0_HARMONIC,PURE,Official,recording,0.0,1.0,59,59,5.501228088910588,2.09221993217477,5.501228088910588,91.52542372881356,PASSED
evaluation_protocols_harmonic_loss,UBFC_A0_HARMONIC,PURE,Old,window_to_recording,0.0,1.0,59,3576,6.285070165716808,1.6965620011216125,9.077166181961054,84.17225950782998,PASSED
evaluation_protocols_harmonic_loss,UBFC_A0_HARMONIC,PURE,PRISM,window_to_recording,0.0,1.0,59,374,5.16640060461751,1.4046659708858582,7.116972322512468,86.89839572192514,PASSED
evaluation_protocols_harmonic_loss,UBFC_A0_HARMONIC,TokyoTech,Official,recording,0.0,1.0,9,9,6.720672067206721,3.3679472234982195,6.720672067206721,66.66666666666666,PASSED
evaluation_protocols_harmonic_loss,UBFC_A0_HARMONIC,TokyoTech,Old,window_to_recording,0.0,1.0,9,1521,5.302432610124918,2.776392473749365,7.3764901178744635,81.32807363576595,PASSED
evaluation_protocols_harmonic_loss,UBFC_A0_HARMONIC,TokyoTech,PRISM,window_to_recording,0.0,1.0,9,153,4.31051815257353,2.5972292848145724,5.470423097066913,84.31372549019608,PASSED
evaluation_protocols_harmonic_loss,UBFC_A0_HARMONIC,UBFC-PHYS,Official,recording,0.0,1.0,60,60,6.237623762376237,1.1435341582119423,6.237623762376237,70.0,PASSED
evaluation_protocols_harmonic_loss,UBFC_A0_HARMONIC,UBFC-PHYS,Old,window_to_recording,0.0,1.0,60,10140,16.588067061143985,1.3561950183972602,21.786482820315744,43.303747534516766,PASSED
evaluation_protocols_harmonic_loss,UBFC_A0_HARMONIC,UBFC-PHYS,PRISM,window_to_recording,0.0,1.0,60,1020,15.147238338694855,1.3051483234339738,19.679672219474018,43.8235294117647,PASSED
evaluation_protocols_harmonic_loss,UBFC_A0_HARMONIC,UBFC-rPPG,Official,recording,0.8,1.0,9,9,0.7200720072007224,0.29396816595057645,0.7200720072007224,100.0,PASSED
evaluation_protocols_harmonic_loss,UBFC_A0_HARMONIC,UBFC-rPPG,Old,window_to_recording,0.8,1.0,9,497,2.184852374839538,0.9722791254645883,4.497140248328574,95.57344064386318,PASSED
evaluation_protocols_harmonic_loss,UBFC_A0_HARMONIC,UBFC-rPPG,PRISM,window_to_recording,0.8,1.0,9,52,1.5920003255208333,0.6657969886332293,3.0696993901261087,96.15384615384616,PASSED
evaluation_protocols_harmonic_loss,UBFC_A2_HARMONIC,BH-rPPG,Official,recording,0.0,1.0,105,105,2.6128327118426133,0.4404194132309581,2.6128327118426133,88.57142857142857,PASSED
evaluation_protocols_harmonic_loss,UBFC_A2_HARMONIC,BH-rPPG,Old,window_to_recording,0.0,1.0,105,5323,5.2828011204481795,0.5421456087761489,8.012333339543211,78.90287431899304,PASSED
evaluation_protocols_harmonic_loss,UBFC_A2_HARMONIC,BH-rPPG,PRISM,window_to_recording,0.0,1.0,105,523,4.062482561383929,0.42927193430358956,5.5336173860397215,82.79158699808795,PASSED
evaluation_protocols_harmonic_loss,UBFC_A2_HARMONIC,COHFACE,Official,recording,0.0,1.0,160,160,3.9052655265526552,0.6597938292118063,3.9052655265526552,83.75,PASSED
evaluation_protocols_harmonic_loss,UBFC_A2_HARMONIC,COHFACE,Old,window_to_recording,0.0,1.0,160,8242,7.901153233854183,0.606563565806888,11.119559785597483,67.84760980344576,PASSED
evaluation_protocols_harmonic_loss,UBFC_A2_HARMONIC,COHFACE,PRISM,window_to_recording,0.0,1.0,160,810,6.425651550292969,0.5690580993435916,8.608640686154706,70.74074074074073,PASSED
evaluation_protocols_harmonic_loss,UBFC_A2_HARMONIC,PURE,Official,recording,0.0,1.0,59,59,3.3776258981830383,1.5065486509977852,3.3776258981830383,93.22033898305084,PASSED
evaluation_protocols_harmonic_loss,UBFC_A2_HARMONIC,PURE,Old,window_to_recording,0.0,1.0,59,3576,4.951552703203728,1.3777779176553016,7.455051584777482,85.7102908277405,PASSED
evaluation_protocols_harmonic_loss,UBFC_A2_HARMONIC,PURE,PRISM,window_to_recording,0.0,1.0,59,374,3.8891069536924943,1.1815765171066304,5.060342163152157,86.63101604278076,PASSED
evaluation_protocols_harmonic_loss,UBFC_A2_HARMONIC,TokyoTech,Official,recording,0.0,1.0,9,9,0.7200720072007224,0.2814530908984955,0.7200720072007224,100.0,PASSED
evaluation_protocols_harmonic_loss,UBFC_A2_HARMONIC,TokyoTech,Old,window_to_recording,0.0,1.0,9,1521,3.3477975016436554,1.750428559900991,4.989090260070969,88.3629191321499,PASSED
evaluation_protocols_harmonic_loss,UBFC_A2_HARMONIC,TokyoTech,PRISM,window_to_recording,0.0,1.0,9,153,2.7587890625,1.5148494875568497,4.218370779962537,89.54248366013073,PASSED
evaluation_protocols_harmonic_loss,UBFC_A2_HARMONIC,UBFC-PHYS,Official,recording,0.0,1.0,60,60,8.289828982898287,1.3377060677182213,8.289828982898287,58.333333333333336,PASSED
evaluation_protocols_harmonic_loss,UBFC_A2_HARMONIC,UBFC-PHYS,Old,window_to_recording,0.0,1.0,60,10140,17.00562130177515,1.3688074122381928,22.04781137018288,41.11439842209073,PASSED
evaluation_protocols_harmonic_loss,UBFC_A2_HARMONIC,UBFC-PHYS,PRISM,window_to_recording,0.0,1.0,60,1020,15.431482651654411,1.2706476100257351,19.62262443584139,39.80392156862745,PASSED
evaluation_protocols_harmonic_loss,UBFC_A2_HARMONIC,UBFC-rPPG,Official,recording,0.8,1.0,9,9,0.6600660066006631,0.2785956251061935,0.6600660066006631,100.0,PASSED
evaluation_protocols_harmonic_loss,UBFC_A2_HARMONIC,UBFC-rPPG,Old,window_to_recording,0.8,1.0,9,497,1.5698188560832973,0.5775804334417413,3.2852863530182344,97.1830985915493,PASSED
evaluation_protocols_harmonic_loss,UBFC_A2_HARMONIC,UBFC-rPPG,PRISM,window_to_recording,0.8,1.0,9,52,0.6764729817708334,0.06833703485058926,0.8095730595470583,100.0,PASSED
evaluation_protocols_loss_suite_stage2,PURE_A0_L2_HARMONIC_REPLACE,BH-rPPG,Official,recording,0.0,1.0,105,105,3.2814710042432824,0.5872773196000723,3.2814710042432824,89.52380952380953,PASSED
evaluation_protocols_loss_suite_stage2,PURE_A0_L2_HARMONIC_REPLACE,BH-rPPG,Old,window_to_recording,0.0,1.0,105,5323,7.167133520074697,0.7183863031984511,11.448697235509764,77.1369528461394,PASSED
evaluation_protocols_loss_suite_stage2,PURE_A0_L2_HARMONIC_REPLACE,BH-rPPG,PRISM,window_to_recording,0.0,1.0,105,523,5.239903041294643,0.6126087623380451,6.911032409804776,78.77629063097514,PASSED
evaluation_protocols_loss_suite_stage2,PURE_A0_L2_HARMONIC_REPLACE,COHFACE,Official,recording,0.0,1.0,160,160,6.001350135013501,0.6351913086223747,6.001350135013501,68.75,PASSED
evaluation_protocols_loss_suite_stage2,PURE_A0_L2_HARMONIC_REPLACE,COHFACE,Old,window_to_recording,0.0,1.0,160,8242,15.461403450427758,0.5513663455452475,21.552746850230683,41.591846639165254,PASSED
evaluation_protocols_loss_suite_stage2,PURE_A0_L2_HARMONIC_REPLACE,COHFACE,PRISM,window_to_recording,0.0,1.0,160,810,12.811441693987167,0.6512840837221789,16.26939986283054,42.96296296296296,PASSED
evaluation_protocols_loss_suite_stage2,PURE_A0_L2_HARMONIC_REPLACE,PURE,Official,recording,0.8,1.0,12,12,0.18001800180017766,0.07349204148764314,0.18001800180017766,100.0,PASSED
evaluation_protocols_loss_suite_stage2,PURE_A0_L2_HARMONIC_REPLACE,PURE,Old,window_to_recording,0.8,1.0,12,735,0.726572938277573,0.11390536881847342,1.3526644460717676,99.04761904761905,PASSED
evaluation_protocols_loss_suite_stage2,PURE_A0_L2_HARMONIC_REPLACE,PURE,PRISM,window_to_recording,0.8,1.0,12,77,0.5532945905412946,0.0556879921282719,0.6843675993559645,100.0,PASSED
evaluation_protocols_loss_suite_stage2,PURE_A0_L2_HARMONIC_REPLACE,TokyoTech,Official,recording,0.0,1.0,9,9,0.7800780078007818,0.26984173543818385,0.7800780078007818,100.0,PASSED
evaluation_protocols_loss_suite_stage2,PURE_A0_L2_HARMONIC_REPLACE,TokyoTech,Old,window_to_recording,0.0,1.0,9,1521,3.6252465483234713,2.1257266753922477,5.005627852820034,88.42866535174227,PASSED
evaluation_protocols_loss_suite_stage2,PURE_A0_L2_HARMONIC_REPLACE,TokyoTech,PRISM,window_to_recording,0.0,1.0,9,153,3.9981617647058822,2.6535931512631246,4.897071242985188,84.9673202614379,PASSED
evaluation_protocols_loss_suite_stage2,PURE_A0_L2_HARMONIC_REPLACE,UBFC-PHYS,Official,recording,0.0,1.0,60,60,8.226822682268226,1.4399396044552126,8.226822682268226,63.33333333333333,PASSED
evaluation_protocols_loss_suite_stage2,PURE_A0_L2_HARMONIC_REPLACE,UBFC-PHYS,Old,window_to_recording,0.0,1.0,60,10140,18.850887573964496,1.8370513358141876,24.8894385858881,45.404339250493095,PASSED
evaluation_protocols_loss_suite_stage2,PURE_A0_L2_HARMONIC_REPLACE,UBFC-PHYS,PRISM,window_to_recording,0.0,1.0,60,1020,15.813419117647056,1.5753394842527066,21.089529878493146,47.74509803921569,PASSED
evaluation_protocols_loss_suite_stage2,PURE_A0_L2_HARMONIC_REPLACE,UBFC-rPPG,Official,recording,0.0,1.0,42,42,1.2215507265012215,0.25784886477806007,1.2215507265012215,95.23809523809523,PASSED
evaluation_protocols_loss_suite_stage2,PURE_A0_L2_HARMONIC_REPLACE,UBFC-rPPG,Old,window_to_recording,0.0,1.0,42,2280,2.476165648116328,0.4164149595618345,5.5597328269186095,93.72807017543859,PASSED
evaluation_protocols_loss_suite_stage2,PURE_A0_L2_HARMONIC_REPLACE,UBFC-rPPG,PRISM,window_to_recording,0.0,1.0,42,239,1.53289794921875,0.24833682938297055,2.3474177492821773,93.72384937238493,PASSED
evaluation_protocols_loss_suite_stage2,PURE_A0_L3_CONCENTRATION,BH-rPPG,Official,recording,0.0,1.0,105,105,3.1065963739231077,0.5706955273898201,3.1065963739231077,91.42857142857143,PASSED
evaluation_protocols_loss_suite_stage2,PURE_A0_L3_CONCENTRATION,BH-rPPG,Old,window_to_recording,0.0,1.0,105,5323,8.787450980392157,0.9802456288526544,13.809236030504072,77.83204959609243,PASSED
evaluation_protocols_loss_suite_stage2,PURE_A0_L3_CONCENTRATION,BH-rPPG,PRISM,window_to_recording,0.0,1.0,105,523,6.437674386160714,0.7900914260591853,8.94060320402972,80.68833652007649,PASSED
evaluation_protocols_loss_suite_stage2,PURE_A0_L3_CONCENTRATION,COHFACE,Official,recording,0.0,1.0,160,160,6.325382538253825,0.6796992460474557,6.325382538253825,65.625,PASSED
evaluation_protocols_loss_suite_stage2,PURE_A0_L3_CONCENTRATION,COHFACE,Old,window_to_recording,0.0,1.0,160,8242,16.408319739140865,0.600406053200942,21.982246212324192,37.612230041252126,PASSED
evaluation_protocols_loss_suite_stage2,PURE_A0_L3_CONCENTRATION,COHFACE,PRISM,window_to_recording,0.0,1.0,160,810,12.057992117745536,0.5661851435477804,15.783403760564832,45.80246913580247,PASSED
evaluation_protocols_loss_suite_stage2,PURE_A0_L3_CONCENTRATION,PURE,Official,recording,0.8,1.0,12,12,0.27002700270026797,0.10063312229972017,0.27002700270026797,100.0,PASSED
evaluation_protocols_loss_suite_stage2,PURE_A0_L3_CONCENTRATION,PURE,Old,window_to_recording,0.8,1.0,12,735,1.4187220107290806,0.45385751897909626,3.3483392330535353,97.14285714285714,PASSED
evaluation_protocols_loss_suite_stage2,PURE_A0_L3_CONCENTRATION,PURE,PRISM,window_to_recording,0.8,1.0,12,77,1.1313302176339286,0.2128342950531362,1.8032131702307126,96.1038961038961,PASSED
evaluation_protocols_loss_suite_stage2,PURE_A0_L3_CONCENTRATION,TokyoTech,Official,recording,0.0,1.0,9,9,0.6600660066006598,0.3262227508810896,0.6600660066006598,100.0,PASSED
evaluation_protocols_loss_suite_stage2,PURE_A0_L3_CONCENTRATION,TokyoTech,Old,window_to_recording,0.0,1.0,9,1521,1.5193951347797503,0.4998829768618844,3.291745426907805,94.93754109138725,PASSED
evaluation_protocols_loss_suite_stage2,PURE_A0_L3_CONCENTRATION,TokyoTech,PRISM,window_to_recording,0.0,1.0,9,153,1.2264476102941175,0.4271341796298365,2.4750988649218155,95.42483660130719,PASSED
evaluation_protocols_loss_suite_stage2,PURE_A0_L3_CONCENTRATION,UBFC-PHYS,Official,recording,0.0,1.0,60,60,7.533753375337533,1.3391346042742895,7.533753375337533,65.0,PASSED
evaluation_protocols_loss_suite_stage2,PURE_A0_L3_CONCENTRATION,UBFC-PHYS,Old,window_to_recording,0.0,1.0,60,10140,18.775641025641026,1.5496231388180364,24.77881094742783,41.124260355029584,PASSED
evaluation_protocols_loss_suite_stage2,PURE_A0_L3_CONCENTRATION,UBFC-PHYS,PRISM,window_to_recording,0.0,1.0,60,1020,15.576674517463236,1.3406869144866687,20.418383680487572,42.15686274509804,PASSED
evaluation_protocols_loss_suite_stage2,PURE_A0_L3_CONCENTRATION,UBFC-rPPG,Official,recording,0.0,1.0,42,42,2.417384595602416,0.6143148715505685,2.417384595602416,83.33333333333334,PASSED
evaluation_protocols_loss_suite_stage2,PURE_A0_L3_CONCENTRATION,UBFC-rPPG,Old,window_to_recording,0.0,1.0,42,2280,8.311812581258433,1.6891968763165588,13.71828650883888,80.87719298245614,PASSED
evaluation_protocols_loss_suite_stage2,PURE_A0_L3_CONCENTRATION,UBFC-rPPG,PRISM,window_to_recording,0.0,1.0,42,239,5.865216936383929,1.5032547974189348,8.734322405006598,82.42677824267783,PASSED
evaluation_protocols_loss_suite_stage2,PURE_A0_L4_CONCENTRATION_HARMONIC,BH-rPPG,Official,recording,0.0,1.0,105,105,2.437958081522438,0.3917827488320607,2.437958081522438,91.42857142857143,PASSED
evaluation_protocols_loss_suite_stage2,PURE_A0_L4_CONCENTRATION_HARMONIC,BH-rPPG,Old,window_to_recording,0.0,1.0,105,5323,6.719397092170201,0.7388552517750315,10.741382443111098,78.97801991358257,PASSED
evaluation_protocols_loss_suite_stage2,PURE_A0_L4_CONCENTRATION_HARMONIC,BH-rPPG,PRISM,window_to_recording,0.0,1.0,105,523,4.949916294642857,0.5827117233331823,6.770408571294908,81.26195028680688,PASSED
evaluation_protocols_loss_suite_stage2,PURE_A0_L4_CONCENTRATION_HARMONIC,COHFACE,Official,recording,0.0,1.0,160,160,9.147164716471648,0.8411797239289185,9.147164716471648,53.125,PASSED
evaluation_protocols_loss_suite_stage2,PURE_A0_L4_CONCENTRATION_HARMONIC,COHFACE,Old,window_to_recording,0.0,1.0,160,8242,14.951977435740895,0.5500778752570604,21.02149884366118,42.283426352826986,PASSED
evaluation_protocols_loss_suite_stage2,PURE_A0_L4_CONCENTRATION_HARMONIC,COHFACE,PRISM,window_to_recording,0.0,1.0,160,810,12.910043988909042,0.6294186183855218,16.826570543605726,43.45679012345679,PASSED
evaluation_protocols_loss_suite_stage2,PURE_A0_L4_CONCENTRATION_HARMONIC,PURE,Official,recording,0.8,1.0,12,12,0.3150315031503131,0.07685981672636916,0.3150315031503131,100.0,PASSED
evaluation_protocols_loss_suite_stage2,PURE_A0_L4_CONCENTRATION_HARMONIC,PURE,Old,window_to_recording,0.8,1.0,12,735,1.30021619298917,0.2933189759397413,2.6360670903298473,98.77551020408163,PASSED
evaluation_protocols_loss_suite_stage2,PURE_A0_L4_CONCENTRATION_HARMONIC,PURE,PRISM,window_to_recording,0.8,1.0,12,77,1.0065351213727678,0.15897033604582964,1.3386337821392218,98.7012987012987,PASSED
evaluation_protocols_loss_suite_stage2,PURE_A0_L4_CONCENTRATION_HARMONIC,TokyoTech,Official,recording,0.0,1.0,9,9,1.8601860186018593,0.9300392389289058,1.8601860186018593,88.88888888888889,PASSED
evaluation_protocols_loss_suite_stage2,PURE_A0_L4_CONCENTRATION_HARMONIC,TokyoTech,Old,window_to_recording,0.0,1.0,9,1521,5.1400394477317555,2.058292484619433,8.93851229814223,84.08941485864563,PASSED
evaluation_protocols_loss_suite_stage2,PURE_A0_L4_CONCENTRATION_HARMONIC,TokyoTech,PRISM,window_to_recording,0.0,1.0,9,153,3.816492417279412,1.8758521159747323,5.35931502379372,84.9673202614379,PASSED
evaluation_protocols_loss_suite_stage2,PURE_A0_L4_CONCENTRATION_HARMONIC,UBFC-PHYS,Official,recording,0.0,1.0,60,60,7.497749774977499,1.3095051712806192,7.497749774977499,65.0,PASSED
evaluation_protocols_loss_suite_stage2,PURE_A0_L4_CONCENTRATION_HARMONIC,UBFC-PHYS,Old,window_to_recording,0.0,1.0,60,10140,17.396745562130175,1.507204418024682,23.17753576558331,44.33925049309665,PASSED
evaluation_protocols_loss_suite_stage2,PURE_A0_L4_CONCENTRATION_HARMONIC,UBFC-PHYS,PRISM,window_to_recording,0.0,1.0,60,1020,15.725420783547792,1.403660464734971,20.606702988371588,44.509803921568626,PASSED
evaluation_protocols_loss_suite_stage2,PURE_A0_L4_CONCENTRATION_HARMONIC,UBFC-rPPG,Official,recording,0.0,1.0,42,42,1.9159058763019152,0.5813950675499555,1.9159058763019152,92.85714285714286,PASSED
evaluation_protocols_loss_suite_stage2,PURE_A0_L4_CONCENTRATION_HARMONIC,UBFC-rPPG,Old,window_to_recording,0.0,1.0,42,2280,2.812875650902209,0.5352475377226416,5.575383192167392,94.2982456140351,PASSED
evaluation_protocols_loss_suite_stage2,PURE_A0_L4_CONCENTRATION_HARMONIC,UBFC-rPPG,PRISM,window_to_recording,0.0,1.0,42,239,2.0765468052455356,0.48438788335049104,3.14817405232935,94.56066945606695,PASSED
evaluation_protocols_loss_suite_stage2,PURE_A0_L5_CE_CONCENTRATION,BH-rPPG,Official,recording,0.0,1.0,105,105,2.2116497364022125,0.4089885207236299,2.2116497364022125,96.19047619047619,PASSED
evaluation_protocols_loss_suite_stage2,PURE_A0_L5_CE_CONCENTRATION,BH-rPPG,Old,window_to_recording,0.0,1.0,105,5323,7.9795544884620515,0.9046341070060243,13.228052101630684,80.83787337967311,PASSED
evaluation_protocols_loss_suite_stage2,PURE_A0_L5_CE_CONCENTRATION,BH-rPPG,PRISM,window_to_recording,0.0,1.0,105,523,5.104143415178571,0.6257536713482957,7.273922046002353,83.5564053537285,PASSED
evaluation_protocols_loss_suite_stage2,PURE_A0_L5_CE_CONCENTRATION,COHFACE,Official,recording,0.0,1.0,160,160,5.393789378937894,0.5748386619978214,5.393789378937894,67.5,PASSED
evaluation_protocols_loss_suite_stage2,PURE_A0_L5_CE_CONCENTRATION,COHFACE,Old,window_to_recording,0.0,1.0,160,8242,14.420988231280038,0.5781946735565465,20.464429803745173,45.522931327347735,PASSED
evaluation_protocols_loss_suite_stage2,PURE_A0_L5_CE_CONCENTRATION,COHFACE,PRISM,window_to_recording,0.0,1.0,160,810,12.422744750976562,0.6603017432232383,16.259632792021705,46.17283950617284,PASSED
evaluation_protocols_loss_suite_stage2,PURE_A0_L5_CE_CONCENTRATION,PURE,Official,recording,0.8,1.0,12,12,0.31503150315031253,0.07685981672636902,0.31503150315031253,100.0,PASSED
evaluation_protocols_loss_suite_stage2,PURE_A0_L5_CE_CONCENTRATION,PURE,Old,window_to_recording,0.8,1.0,12,735,2.841490086678618,0.8735716205129231,6.526211026031511,94.82993197278911,PASSED
evaluation_protocols_loss_suite_stage2,PURE_A0_L5_CE_CONCENTRATION,PURE,PRISM,window_to_recording,0.8,1.0,12,77,3.7873404366629466,1.4541839850705027,6.737061319029429,92.20779220779221,PASSED
evaluation_protocols_loss_suite_stage2,PURE_A0_L5_CE_CONCENTRATION,TokyoTech,Official,recording,0.0,1.0,9,9,0.7800780078007818,0.2561505845557683,0.7800780078007818,100.0,PASSED
evaluation_protocols_loss_suite_stage2,PURE_A0_L5_CE_CONCENTRATION,TokyoTech,Old,window_to_recording,0.0,1.0,9,1521,4.300460223537147,1.3714518875540413,9.445816034749392,88.56015779092702,PASSED
evaluation_protocols_loss_suite_stage2,PURE_A0_L5_CE_CONCENTRATION,TokyoTech,PRISM,window_to_recording,0.0,1.0,9,153,2.462948069852941,0.8582879363852839,4.103264262292068,90.84967320261438,PASSED
evaluation_protocols_loss_suite_stage2,PURE_A0_L5_CE_CONCENTRATION,UBFC-PHYS,Official,recording,0.0,1.0,60,60,8.118811881188117,1.3866625932075722,8.118811881188117,63.33333333333333,PASSED
evaluation_protocols_loss_suite_stage2,PURE_A0_L5_CE_CONCENTRATION,UBFC-PHYS,Old,window_to_recording,0.0,1.0,60,10140,21.224063116370804,1.8044380097806834,28.27523677570593,41.05522682445759,PASSED
evaluation_protocols_loss_suite_stage2,PURE_A0_L5_CE_CONCENTRATION,UBFC-PHYS,PRISM,window_to_recording,0.0,1.0,60,1020,17.61377671185662,1.5807554628711724,22.911221615417052,41.86274509803922,PASSED
evaluation_protocols_loss_suite_stage2,PURE_A0_L5_CE_CONCENTRATION,UBFC-rPPG,Official,recording,0.0,1.0,42,42,2.0187733059020183,0.4990195400167351,2.0187733059020183,85.71428571428571,PASSED
evaluation_protocols_loss_suite_stage2,PURE_A0_L5_CE_CONCENTRATION,UBFC-rPPG,Old,window_to_recording,0.0,1.0,42,2280,4.5600025718460255,0.5740877804469728,9.744437589246521,89.16666666666667,PASSED
evaluation_protocols_loss_suite_stage2,PURE_A0_L5_CE_CONCENTRATION,UBFC-rPPG,PRISM,window_to_recording,0.0,1.0,42,239,2.9091099330357144,0.5586279546846897,4.416980429957641,89.1213389121339,PASSED
evaluation_protocols_loss_suite_stage2,PURE_A2_L2_HARMONIC_REPLACE,BH-rPPG,Official,recording,0.0,1.0,105,105,3.06030603060306,0.8976816485166456,3.06030603060306,96.19047619047619,PASSED
evaluation_protocols_loss_suite_stage2,PURE_A2_L2_HARMONIC_REPLACE,BH-rPPG,Old,window_to_recording,0.0,1.0,105,5323,8.012159530478858,1.1570984072780313,12.564610875325187,82.77287244035318,PASSED
evaluation_protocols_loss_suite_stage2,PURE_A2_L2_HARMONIC_REPLACE,BH-rPPG,PRISM,window_to_recording,0.0,1.0,105,523,5.554112025669643,0.7832420928897705,7.7543537181896225,85.08604206500956,PASSED
evaluation_protocols_loss_suite_stage2,PURE_A2_L2_HARMONIC_REPLACE,COHFACE,Official,recording,0.0,1.0,160,160,4.462196219621962,0.5856670213109892,4.462196219621962,77.5,PASSED
evaluation_protocols_loss_suite_stage2,PURE_A2_L2_HARMONIC_REPLACE,COHFACE,Old,window_to_recording,0.0,1.0,160,8242,14.403466040657019,0.7125958962537585,21.5901342435895,52.99684542586751,PASSED
evaluation_protocols_loss_suite_stage2,PURE_A2_L2_HARMONIC_REPLACE,COHFACE,PRISM,window_to_recording,0.0,1.0,160,810,10.869166782924108,0.6761010017522274,14.87765074852083,57.28395061728395,PASSED
evaluation_protocols_loss_suite_stage2,PURE_A2_L2_HARMONIC_REPLACE,PURE,Official,recording,0.8,1.0,12,12,0.18001800180017824,0.07349204148764339,0.18001800180017824,100.0,PASSED
evaluation_protocols_loss_suite_stage2,PURE_A2_L2_HARMONIC_REPLACE,PURE,Old,window_to_recording,0.8,1.0,12,735,0.8040843354079804,0.0904982244637124,1.1826942797730868,99.18367346938776,PASSED
evaluation_protocols_loss_suite_stage2,PURE_A2_L2_HARMONIC_REPLACE,PURE,PRISM,window_to_recording,0.8,1.0,12,77,0.6997244698660715,0.06910532951352176,0.9013202593300577,100.0,PASSED
evaluation_protocols_loss_suite_stage2,PURE_A2_L2_HARMONIC_REPLACE,TokyoTech,Official,recording,0.0,1.0,9,9,0.7200720072007224,0.24002400240023966,0.7200720072007224,100.0,PASSED
evaluation_protocols_loss_suite_stage2,PURE_A2_L2_HARMONIC_REPLACE,TokyoTech,Old,window_to_recording,0.0,1.0,9,1521,1.9605522682445757,0.4891863362973942,4.849001610219967,94.0828402366864,PASSED
evaluation_protocols_loss_suite_stage2,PURE_A2_L2_HARMONIC_REPLACE,TokyoTech,PRISM,window_to_recording,0.0,1.0,9,153,1.0246725643382355,0.3187738272227459,1.3741132788774626,95.42483660130719,PASSED
evaluation_protocols_loss_suite_stage2,PURE_A2_L2_HARMONIC_REPLACE,UBFC-PHYS,Official,recording,0.0,1.0,60,60,9.18091809180918,1.8928017603208713,9.18091809180918,66.66666666666666,PASSED
evaluation_protocols_loss_suite_stage2,PURE_A2_L2_HARMONIC_REPLACE,UBFC-PHYS,Old,window_to_recording,0.0,1.0,60,10140,18.201479289940828,1.7706928778763915,24.076874047559535,45.74950690335306,PASSED
evaluation_protocols_loss_suite_stage2,PURE_A2_L2_HARMONIC_REPLACE,UBFC-PHYS,PRISM,window_to_recording,0.0,1.0,60,1020,15.527343750000002,1.6139819816193346,20.42586375414721,46.568627450980394,PASSED
evaluation_protocols_loss_suite_stage2,PURE_A2_L2_HARMONIC_REPLACE,UBFC-rPPG,Official,recording,0.0,1.0,42,42,1.1186832969011167,0.2580625179933924,1.1186832969011167,95.23809523809523,PASSED
evaluation_protocols_loss_suite_stage2,PURE_A2_L2_HARMONIC_REPLACE,UBFC-rPPG,Old,window_to_recording,0.0,1.0,42,2280,1.589357454577895,0.30889637329087244,3.377332139883719,96.66666666666667,PASSED
evaluation_protocols_loss_suite_stage2,PURE_A2_L2_HARMONIC_REPLACE,UBFC-rPPG,PRISM,window_to_recording,0.0,1.0,42,239,0.9371512276785714,0.19926689689351224,1.3453984396563325,97.07112970711297,PASSED
evaluation_protocols_loss_suite_stage2,PURE_A2_L3_CONCENTRATION,BH-rPPG,Official,recording,0.0,1.0,105,105,5.081651022245082,0.9469307353544044,5.081651022245082,85.71428571428571,PASSED
evaluation_protocols_loss_suite_stage2,PURE_A2_L3_CONCENTRATION,BH-rPPG,Old,window_to_recording,0.0,1.0,105,5323,11.043372015472858,1.3913027947518264,15.49119763967651,75.40860417058049,PASSED
evaluation_protocols_loss_suite_stage2,PURE_A2_L3_CONCENTRATION,BH-rPPG,PRISM,window_to_recording,0.0,1.0,105,523,7.809186662946429,1.0416634152762974,10.358560041312668,78.20267686424475,PASSED
evaluation_protocols_loss_suite_stage2,PURE_A2_L3_CONCENTRATION,COHFACE,Official,recording,0.0,1.0,160,160,5.117011701170117,0.6315932098233318,5.117011701170117,73.75,PASSED
evaluation_protocols_loss_suite_stage2,PURE_A2_L3_CONCENTRATION,COHFACE,Old,window_to_recording,0.0,1.0,160,8242,14.691562644839411,0.5731065498758018,21.988031066676626,49.35695219606892,PASSED
evaluation_protocols_loss_suite_stage2,PURE_A2_L3_CONCENTRATION,COHFACE,PRISM,window_to_recording,0.0,1.0,160,810,12.068072727748326,0.6635521992442298,16.549719716333698,52.46913580246913,PASSED
evaluation_protocols_loss_suite_stage2,PURE_A2_L3_CONCENTRATION,PURE,Official,recording,0.8,1.0,12,12,0.27002700270026736,0.07795008134873359,0.27002700270026736,100.0,PASSED
evaluation_protocols_loss_suite_stage2,PURE_A2_L3_CONCENTRATION,PURE,Old,window_to_recording,0.8,1.0,12,735,0.8712183012065179,0.06416869780839748,1.341000658119823,99.59183673469387,PASSED
evaluation_protocols_loss_suite_stage2,PURE_A2_L3_CONCENTRATION,PURE,PRISM,window_to_recording,0.8,1.0,12,77,0.9495871407645088,0.15012980835646672,1.266121281799338,98.7012987012987,PASSED
evaluation_protocols_loss_suite_stage2,PURE_A2_L3_CONCENTRATION,TokyoTech,Official,recording,0.0,1.0,9,9,0.8400840084008413,0.20978274790882032,0.8400840084008413,100.0,PASSED
evaluation_protocols_loss_suite_stage2,PURE_A2_L3_CONCENTRATION,TokyoTech,Old,window_to_recording,0.0,1.0,9,1521,5.827087442472059,1.636502985378227,12.13295070431607,83.69493754109139,PASSED
evaluation_protocols_loss_suite_stage2,PURE_A2_L3_CONCENTRATION,TokyoTech,PRISM,window_to_recording,0.0,1.0,9,153,3.817210477941176,1.1742810251812754,6.843148213774544,86.9281045751634,PASSED
evaluation_protocols_loss_suite_stage2,PURE_A2_L3_CONCENTRATION,UBFC-PHYS,Official,recording,0.0,1.0,60,60,7.074707470747076,1.3354557538831808,7.074707470747076,65.0,PASSED
evaluation_protocols_loss_suite_stage2,PURE_A2_L3_CONCENTRATION,UBFC-PHYS,Old,window_to_recording,0.0,1.0,60,10140,17.702761341222878,1.5467098047692838,23.25375142952553,43.28402366863905,PASSED
evaluation_protocols_loss_suite_stage2,PURE_A2_L3_CONCENTRATION,UBFC-PHYS,PRISM,window_to_recording,0.0,1.0,60,1020,16.26989028033088,1.493126061526168,21.269818101281814,44.41176470588235,PASSED
evaluation_protocols_loss_suite_stage2,PURE_A2_L3_CONCENTRATION,UBFC-rPPG,Official,recording,0.0,1.0,42,42,1.337276584801336,0.2527838202089435,1.337276584801336,95.23809523809523,PASSED
evaluation_protocols_loss_suite_stage2,PURE_A2_L3_CONCENTRATION,UBFC-rPPG,Old,window_to_recording,0.0,1.0,42,2280,2.268808421956716,0.35530651370334193,4.109359274075289,94.4298245614035,PASSED
evaluation_protocols_loss_suite_stage2,PURE_A2_L3_CONCENTRATION,UBFC-rPPG,PRISM,window_to_recording,0.0,1.0,42,239,1.6018240792410714,0.27195398925492115,2.354948592286477,94.56066945606695,PASSED
evaluation_protocols_loss_suite_stage2,PURE_A2_L4_CONCENTRATION_HARMONIC,BH-rPPG,Official,recording,0.0,1.0,105,105,3.2146071750032164,0.6519872459703787,3.2146071750032164,90.47619047619048,PASSED
evaluation_protocols_loss_suite_stage2,PURE_A2_L4_CONCENTRATION_HARMONIC,BH-rPPG,Old,window_to_recording,0.0,1.0,105,5323,11.983417366946776,1.3019936007118196,18.196841486500723,70.74957730603043,PASSED
evaluation_protocols_loss_suite_stage2,PURE_A2_L4_CONCENTRATION_HARMONIC,BH-rPPG,PRISM,window_to_recording,0.0,1.0,105,523,7.525948660714286,1.0113995255491455,9.966478031191878,75.90822179732314,PASSED
evaluation_protocols_loss_suite_stage2,PURE_A2_L4_CONCENTRATION_HARMONIC,COHFACE,Official,recording,0.0,1.0,160,160,4.506075607560756,0.6819860403350543,4.506075607560756,79.375,PASSED
evaluation_protocols_loss_suite_stage2,PURE_A2_L4_CONCENTRATION_HARMONIC,COHFACE,Old,window_to_recording,0.0,1.0,160,8242,11.369597784601712,0.705435256211954,16.141416067780817,57.55884494054841,PASSED
evaluation_protocols_loss_suite_stage2,PURE_A2_L4_CONCENTRATION_HARMONIC,COHFACE,PRISM,window_to_recording,0.0,1.0,160,810,8.741049630301339,0.5435318918351237,11.78485857404344,58.51851851851851,PASSED
evaluation_protocols_loss_suite_stage2,PURE_A2_L4_CONCENTRATION_HARMONIC,PURE,Official,recording,0.8,1.0,12,12,0.27002700270026797,0.07795008134873374,0.27002700270026797,100.0,PASSED
evaluation_protocols_loss_suite_stage2,PURE_A2_L4_CONCENTRATION_HARMONIC,PURE,Old,window_to_recording,0.8,1.0,12,735,1.2456450876521574,0.26181481487592356,2.969109866516448,97.27891156462584,PASSED
evaluation_protocols_loss_suite_stage2,PURE_A2_L4_CONCENTRATION_HARMONIC,PURE,PRISM,window_to_recording,0.8,1.0,12,77,1.6376495361328125,0.6071761700766859,3.1592900910410453,96.1038961038961,PASSED
evaluation_protocols_loss_suite_stage2,PURE_A2_L4_CONCENTRATION_HARMONIC,TokyoTech,Official,recording,0.0,1.0,9,9,0.7800780078007818,0.30727655757050093,0.7800780078007818,100.0,PASSED
evaluation_protocols_loss_suite_stage2,PURE_A2_L4_CONCENTRATION_HARMONIC,TokyoTech,Old,window_to_recording,0.0,1.0,9,1521,5.950032873109796,2.245085270003281,10.889600468246307,83.8921761998685,PASSED
evaluation_protocols_loss_suite_stage2,PURE_A2_L4_CONCENTRATION_HARMONIC,TokyoTech,PRISM,window_to_recording,0.0,1.0,9,153,3.347598805147059,1.7338493233337813,4.889664533862431,86.27450980392157,PASSED
evaluation_protocols_loss_suite_stage2,PURE_A2_L4_CONCENTRATION_HARMONIC,UBFC-PHYS,Official,recording,0.0,1.0,60,60,8.973897389738973,1.4456516907135981,8.973897389738973,56.666666666666664,PASSED
evaluation_protocols_loss_suite_stage2,PURE_A2_L4_CONCENTRATION_HARMONIC,UBFC-PHYS,Old,window_to_recording,0.0,1.0,60,10140,19.74950690335306,1.5783503677515676,26.112981786968316,39.49704142011834,PASSED
evaluation_protocols_loss_suite_stage2,PURE_A2_L4_CONCENTRATION_HARMONIC,UBFC-PHYS,PRISM,window_to_recording,0.0,1.0,60,1020,15.869320140165444,1.3341199332012472,20.75868845109746,41.17647058823529,PASSED
evaluation_protocols_loss_suite_stage2,PURE_A2_L4_CONCENTRATION_HARMONIC,UBFC-rPPG,Official,recording,0.0,1.0,42,42,2.147357592902146,0.614382153876973,2.147357592902146,90.47619047619048,PASSED
evaluation_protocols_loss_suite_stage2,PURE_A2_L4_CONCENTRATION_HARMONIC,UBFC-rPPG,Old,window_to_recording,0.0,1.0,42,2280,4.2251136997374905,0.7248628632392626,8.544039892737622,87.28070175438597,PASSED
evaluation_protocols_loss_suite_stage2,PURE_A2_L4_CONCENTRATION_HARMONIC,UBFC-rPPG,PRISM,window_to_recording,0.0,1.0,42,239,1.9337681361607142,0.3038861350561645,3.166834400333672,90.7949790794979,PASSED
evaluation_protocols_loss_suite_stage2,PURE_A2_L5_CE_CONCENTRATION,BH-rPPG,Official,recording,0.0,1.0,105,105,3.90896232480391,0.6909569260739917,3.90896232480391,84.76190476190476,PASSED
evaluation_protocols_loss_suite_stage2,PURE_A2_L5_CE_CONCENTRATION,BH-rPPG,Old,window_to_recording,0.0,1.0,105,5323,6.1611151127117525,0.6921690269230233,9.096119981093096,78.9404471162878,PASSED
evaluation_protocols_loss_suite_stage2,PURE_A2_L5_CE_CONCENTRATION,BH-rPPG,PRISM,window_to_recording,0.0,1.0,105,523,5.196951729910714,0.6709497710546787,6.928345362015751,81.07074569789675,PASSED
evaluation_protocols_loss_suite_stage2,PURE_A2_L5_CE_CONCENTRATION,COHFACE,Official,recording,0.0,1.0,160,160,5.869711971197119,0.6784700794370857,5.869711971197119,72.5,PASSED
evaluation_protocols_loss_suite_stage2,PURE_A2_L5_CE_CONCENTRATION,COHFACE,Old,window_to_recording,0.0,1.0,160,8242,12.439939396156472,0.5520081200968033,18.256417456805487,52.83911671924291,PASSED
evaluation_protocols_loss_suite_stage2,PURE_A2_L5_CE_CONCENTRATION,COHFACE,PRISM,window_to_recording,0.0,1.0,160,810,9.834686279296875,0.6063501751174728,13.27826497716311,55.925925925925924,PASSED
evaluation_protocols_loss_suite_stage2,PURE_A2_L5_CE_CONCENTRATION,PURE,Official,recording,0.8,1.0,12,12,0.3150315031503137,0.09979098931630705,0.3150315031503137,100.0,PASSED
evaluation_protocols_loss_suite_stage2,PURE_A2_L5_CE_CONCENTRATION,PURE,Old,window_to_recording,0.8,1.0,12,735,0.9313352267005056,0.06986970196317101,1.426058808159243,99.31972789115646,PASSED
evaluation_protocols_loss_suite_stage2,PURE_A2_L5_CE_CONCENTRATION,PURE,PRISM,window_to_recording,0.8,1.0,12,77,1.0451180594308036,0.1833722680435926,1.468541178331308,97.40259740259741,PASSED
evaluation_protocols_loss_suite_stage2,PURE_A2_L5_CE_CONCENTRATION,TokyoTech,Official,recording,0.0,1.0,9,9,0.7800780078007818,0.2561505845557683,0.7800780078007818,100.0,PASSED
evaluation_protocols_loss_suite_stage2,PURE_A2_L5_CE_CONCENTRATION,TokyoTech,Old,window_to_recording,0.0,1.0,9,1521,3.232741617357002,1.3652825830477477,5.398207203707588,89.67784352399737,PASSED
evaluation_protocols_loss_suite_stage2,PURE_A2_L5_CE_CONCENTRATION,TokyoTech,PRISM,window_to_recording,0.0,1.0,9,153,1.9373276654411764,0.6849137808672944,3.2937610581402397,93.4640522875817,PASSED
evaluation_protocols_loss_suite_stage2,PURE_A2_L5_CE_CONCENTRATION,UBFC-PHYS,Official,recording,0.0,1.0,60,60,7.542754275427541,1.338441207920304,7.542754275427541,63.33333333333333,PASSED
evaluation_protocols_loss_suite_stage2,PURE_A2_L5_CE_CONCENTRATION,UBFC-PHYS,Old,window_to_recording,0.0,1.0,60,10140,17.56153846153846,1.5663390499893597,22.994812403138152,43.70808678500986,PASSED
evaluation_protocols_loss_suite_stage2,PURE_A2_L5_CE_CONCENTRATION,UBFC-PHYS,PRISM,window_to_recording,0.0,1.0,60,1020,15.340791590073533,1.4238686398361529,20.115411096851837,45.0,PASSED
evaluation_protocols_loss_suite_stage2,PURE_A2_L5_CE_CONCENTRATION,UBFC-rPPG,Official,recording,0.0,1.0,42,42,1.658737302301657,0.5901984756200724,1.658737302301657,95.23809523809523,PASSED
evaluation_protocols_loss_suite_stage2,PURE_A2_L5_CE_CONCENTRATION,UBFC-rPPG,Old,window_to_recording,0.0,1.0,42,2280,2.448788689630752,0.5187474925809585,4.128230466904091,94.34210526315789,PASSED
evaluation_protocols_loss_suite_stage2,PURE_A2_L5_CE_CONCENTRATION,UBFC-rPPG,PRISM,window_to_recording,0.0,1.0,42,239,1.9785853794642858,0.6158110333570064,2.559558704015359,94.14225941422593,PASSED
evaluation_protocols_loss_suite_stage2,UBFC_A0_L2_HARMONIC_REPLACE,BH-rPPG,Official,recording,0.0,1.0,105,105,2.962581972482962,0.5377278305725559,2.962581972482962,88.57142857142857,PASSED
evaluation_protocols_loss_suite_stage2,UBFC_A0_L2_HARMONIC_REPLACE,BH-rPPG,Old,window_to_recording,0.0,1.0,105,5323,6.039092970521542,0.6855960482100686,9.608950041752577,80.12399023107271,PASSED
evaluation_protocols_loss_suite_stage2,UBFC_A0_L2_HARMONIC_REPLACE,BH-rPPG,PRISM,window_to_recording,0.0,1.0,105,523,4.4608154296875,0.5079244926717725,6.068376403837974,81.83556405353728,PASSED
evaluation_protocols_loss_suite_stage2,UBFC_A0_L2_HARMONIC_REPLACE,COHFACE,Official,recording,0.0,1.0,160,160,4.627587758775877,0.7075438843303722,4.627587758775877,80.0,PASSED
evaluation_protocols_loss_suite_stage2,UBFC_A0_L2_HARMONIC_REPLACE,COHFACE,Old,window_to_recording,0.0,1.0,160,8242,11.07035549163368,0.6785902534540574,14.821732952204721,55.88449405484106,PASSED
evaluation_protocols_loss_suite_stage2,UBFC_A0_L2_HARMONIC_REPLACE,COHFACE,PRISM,window_to_recording,0.0,1.0,160,810,8.741311209542411,0.6265527698583975,11.234637078990664,59.38271604938271,PASSED
evaluation_protocols_loss_suite_stage2,UBFC_A0_L2_HARMONIC_REPLACE,PURE,Official,recording,0.0,1.0,59,59,1.7666173397000704,0.9905911111655993,1.7666173397000704,94.91525423728814,PASSED
evaluation_protocols_loss_suite_stage2,UBFC_A0_L2_HARMONIC_REPLACE,PURE,Old,window_to_recording,0.0,1.0,59,3576,3.451126123314955,0.9565083350710853,5.609604405576324,90.43624161073825,PASSED
evaluation_protocols_loss_suite_stage2,UBFC_A0_L2_HARMONIC_REPLACE,PURE,PRISM,window_to_recording,0.0,1.0,59,374,3.2325541424693554,0.8571360139445469,5.118206428127033,91.17647058823529,PASSED
evaluation_protocols_loss_suite_stage2,UBFC_A0_L2_HARMONIC_REPLACE,TokyoTech,Official,recording,0.0,1.0,9,9,1.9201920192019202,0.9065121867086444,1.9201920192019202,88.88888888888889,PASSED
evaluation_protocols_loss_suite_stage2,UBFC_A0_L2_HARMONIC_REPLACE,TokyoTech,Old,window_to_recording,0.0,1.0,9,1521,4.698882314266929,2.744912533020411,7.303226775487398,85.79881656804734,PASSED
evaluation_protocols_loss_suite_stage2,UBFC_A0_L2_HARMONIC_REPLACE,TokyoTech,PRISM,window_to_recording,0.0,1.0,9,153,3.690113740808823,2.35643485096258,4.814101728032132,86.9281045751634,PASSED
evaluation_protocols_loss_suite_stage2,UBFC_A0_L2_HARMONIC_REPLACE,UBFC-PHYS,Official,recording,0.0,1.0,60,60,6.939693969396939,1.2099985349784377,6.939693969396939,65.0,PASSED
evaluation_protocols_loss_suite_stage2,UBFC_A0_L2_HARMONIC_REPLACE,UBFC-PHYS,Old,window_to_recording,0.0,1.0,60,10140,17.390631163708083,1.5020577516672904,22.665060980262783,42.57396449704142,PASSED
evaluation_protocols_loss_suite_stage2,UBFC_A0_L2_HARMONIC_REPLACE,UBFC-PHYS,PRISM,window_to_recording,0.0,1.0,60,1020,15.75665642233456,1.423971362496642,20.30104273993675,40.78431372549019,PASSED
evaluation_protocols_loss_suite_stage2,UBFC_A0_L2_HARMONIC_REPLACE,UBFC-rPPG,Official,recording,0.8,1.0,9,9,0.7200720072007224,0.2683549927992545,0.7200720072007224,100.0,PASSED
evaluation_protocols_loss_suite_stage2,UBFC_A0_L2_HARMONIC_REPLACE,UBFC-rPPG,Old,window_to_recording,0.8,1.0,9,497,1.451338373032853,0.5164891909137411,3.00851046587269,96.17706237424547,PASSED
evaluation_protocols_loss_suite_stage2,UBFC_A0_L2_HARMONIC_REPLACE,UBFC-rPPG,PRISM,window_to_recording,0.8,1.0,9,52,0.9562174479166666,0.34730830714894606,1.5258220499784871,98.07692307692307,PASSED
evaluation_protocols_loss_suite_stage2,UBFC_A0_L3_CONCENTRATION,BH-rPPG,Official,recording,0.0,1.0,105,105,2.9574386010029574,0.514907501077522,2.9574386010029574,89.52380952380953,PASSED
evaluation_protocols_loss_suite_stage2,UBFC_A0_L3_CONCENTRATION,BH-rPPG,Old,window_to_recording,0.0,1.0,105,5323,10.832434307056156,0.8757419033614353,14.254090076897239,59.815893293255684,PASSED
evaluation_protocols_loss_suite_stage2,UBFC_A0_L3_CONCENTRATION,BH-rPPG,PRISM,window_to_recording,0.0,1.0,105,523,7.3538818359375,0.6895334309370774,9.558208406567912,66.34799235181644,PASSED
evaluation_protocols_loss_suite_stage2,UBFC_A0_L3_CONCENTRATION,COHFACE,Official,recording,0.0,1.0,160,160,4.796354635463546,0.5604559055364173,4.796354635463546,75.625,PASSED
evaluation_protocols_loss_suite_stage2,UBFC_A0_L3_CONCENTRATION,COHFACE,Old,window_to_recording,0.0,1.0,160,8242,15.86175784460753,0.9353231210842828,18.270010885021765,40.34214996360107,PASSED
evaluation_protocols_loss_suite_stage2,UBFC_A0_L3_CONCENTRATION,COHFACE,PRISM,window_to_recording,0.0,1.0,160,810,11.014078412737167,0.7554205471091708,12.92914728233761,50.617283950617285,PASSED
evaluation_protocols_loss_suite_stage2,UBFC_A0_L3_CONCENTRATION,PURE,Official,recording,0.0,1.0,59,59,9.482982196524738,2.2825086536224433,9.482982196524738,74.57627118644068,PASSED
evaluation_protocols_loss_suite_stage2,UBFC_A0_L3_CONCENTRATION,PURE,Old,window_to_recording,0.0,1.0,59,3576,14.39620567359984,2.894242476695495,16.695757324750367,63.3668903803132,PASSED
evaluation_protocols_loss_suite_stage2,UBFC_A0_L3_CONCENTRATION,PURE,PRISM,window_to_recording,0.0,1.0,59,374,10.420197493804858,2.506390894905102,12.063769399034227,73.52941176470588,PASSED
evaluation_protocols_loss_suite_stage2,UBFC_A0_L3_CONCENTRATION,TokyoTech,Official,recording,0.0,1.0,9,9,0.7200720072007208,0.28145309089849496,0.7200720072007208,100.0,PASSED
evaluation_protocols_loss_suite_stage2,UBFC_A0_L3_CONCENTRATION,TokyoTech,Old,window_to_recording,0.0,1.0,9,1521,5.905325443786983,2.853877469728502,8.97127609561295,82.05128205128204,PASSED
evaluation_protocols_loss_suite_stage2,UBFC_A0_L3_CONCENTRATION,TokyoTech,PRISM,window_to_recording,0.0,1.0,9,153,4.4591567095588225,2.1190927602369625,6.076713119799704,84.31372549019608,PASSED
evaluation_protocols_loss_suite_stage2,UBFC_A0_L3_CONCENTRATION,UBFC-PHYS,Official,recording,0.0,1.0,60,60,8.460846084608459,1.2642126525010782,8.460846084608459,53.333333333333336,PASSED
evaluation_protocols_loss_suite_stage2,UBFC_A0_L3_CONCENTRATION,UBFC-PHYS,Old,window_to_recording,0.0,1.0,60,10140,21.96025641025641,1.217986840244291,27.532638672998853,29.9112426035503,PASSED
evaluation_protocols_loss_suite_stage2,UBFC_A0_L3_CONCENTRATION,UBFC-PHYS,PRISM,window_to_recording,0.0,1.0,60,1020,18.198206284466906,1.174959680981121,22.79156827078972,32.35294117647059,PASSED
evaluation_protocols_loss_suite_stage2,UBFC_A0_L3_CONCENTRATION,UBFC-rPPG,Official,recording,0.8,1.0,9,9,1.0201020102010228,0.44456667208506745,1.0201020102010228,100.0,PASSED
evaluation_protocols_loss_suite_stage2,UBFC_A0_L3_CONCENTRATION,UBFC-rPPG,Old,window_to_recording,0.8,1.0,9,497,12.717348927875243,6.402899288552284,16.889831098217815,75.0503018108652,PASSED
evaluation_protocols_loss_suite_stage2,UBFC_A0_L3_CONCENTRATION,UBFC-rPPG,PRISM,window_to_recording,0.8,1.0,9,52,9.215291341145834,5.229100530405139,11.579992148381468,80.76923076923077,PASSED
evaluation_protocols_loss_suite_stage2,UBFC_A0_L4_CONCENTRATION_HARMONIC,BH-rPPG,Official,recording,0.0,1.0,105,105,7.853928249967855,1.082017417982509,7.853928249967855,67.61904761904762,PASSED
evaluation_protocols_loss_suite_stage2,UBFC_A0_L4_CONCENTRATION_HARMONIC,BH-rPPG,Old,window_to_recording,0.0,1.0,105,5323,24.07076430572229,1.107365736494173,26.27206452760465,19.53785459327447,PASSED
evaluation_protocols_loss_suite_stage2,UBFC_A0_L4_CONCENTRATION_HARMONIC,BH-rPPG,PRISM,window_to_recording,0.0,1.0,105,523,13.161202566964286,1.0180983455562251,15.473004664932066,44.74187380497132,PASSED
evaluation_protocols_loss_suite_stage2,UBFC_A0_L4_CONCENTRATION_HARMONIC,COHFACE,Official,recording,0.0,1.0,160,160,15.408415841584155,0.9745309912200365,15.408415841584155,25.624999999999996,PASSED
evaluation_protocols_loss_suite_stage2,UBFC_A0_L4_CONCENTRATION_HARMONIC,COHFACE,Old,window_to_recording,0.0,1.0,160,8242,27.098567913084917,0.9123763330915791,27.348157620826168,1.4195583596214512,PASSED
evaluation_protocols_loss_suite_stage2,UBFC_A0_L4_CONCENTRATION_HARMONIC,COHFACE,PRISM,window_to_recording,0.0,1.0,160,810,18.816781180245535,0.9583118585699204,19.61751685649036,20.0,PASSED
evaluation_protocols_loss_suite_stage2,UBFC_A0_L4_CONCENTRATION_HARMONIC,PURE,Official,recording,0.0,1.0,59,59,15.753100733802196,2.6354695658580574,15.753100733802196,61.016949152542374,PASSED
evaluation_protocols_loss_suite_stage2,UBFC_A0_L4_CONCENTRATION_HARMONIC,PURE,Old,window_to_recording,0.0,1.0,59,3576,15.954594143039051,2.9852384089808064,19.240997627333776,55.844519015659955,PASSED
evaluation_protocols_loss_suite_stage2,UBFC_A0_L4_CONCENTRATION_HARMONIC,PURE,PRISM,window_to_recording,0.0,1.0,59,374,13.633321618918355,2.692519219184194,16.1279011747511,61.229946524064175,PASSED
evaluation_protocols_loss_suite_stage2,UBFC_A0_L4_CONCENTRATION_HARMONIC,TokyoTech,Official,recording,0.0,1.0,9,9,5.5805580558055805,2.2739028288624556,5.5805580558055805,66.66666666666666,PASSED
evaluation_protocols_loss_suite_stage2,UBFC_A0_L4_CONCENTRATION_HARMONIC,TokyoTech,Old,window_to_recording,0.0,1.0,9,1521,18.821170282708746,4.4473567264591685,23.30120596288342,43.786982248520715,PASSED
evaluation_protocols_loss_suite_stage2,UBFC_A0_L4_CONCENTRATION_HARMONIC,TokyoTech,PRISM,window_to_recording,0.0,1.0,9,153,10.013355928308822,3.9559187860194753,13.063885477382822,67.3202614379085,PASSED
evaluation_protocols_loss_suite_stage2,UBFC_A0_L4_CONCENTRATION_HARMONIC,UBFC-PHYS,Official,recording,0.0,1.0,60,60,8.154815481548155,0.9611764472738379,8.154815481548155,41.66666666666667,PASSED
evaluation_protocols_loss_suite_stage2,UBFC_A0_L4_CONCENTRATION_HARMONIC,UBFC-PHYS,Old,window_to_recording,0.0,1.0,60,10140,31.719921104536493,1.5094257912897957,35.506237543330634,13.915187376725838,PASSED
evaluation_protocols_loss_suite_stage2,UBFC_A0_L4_CONCENTRATION_HARMONIC,UBFC-PHYS,PRISM,window_to_recording,0.0,1.0,60,1020,23.534976734834558,1.1524811474515633,27.765942599585802,20.588235294117645,PASSED
evaluation_protocols_loss_suite_stage2,UBFC_A0_L4_CONCENTRATION_HARMONIC,UBFC-rPPG,Official,recording,0.8,1.0,9,9,1.7401740174017357,0.5004498851163836,1.7401740174017357,100.0,PASSED
evaluation_protocols_loss_suite_stage2,UBFC_A0_L4_CONCENTRATION_HARMONIC,UBFC-rPPG,Old,window_to_recording,0.8,1.0,9,497,24.080017115960636,4.467536325624413,34.528278885553874,57.947686116700204,PASSED
evaluation_protocols_loss_suite_stage2,UBFC_A0_L4_CONCENTRATION_HARMONIC,UBFC-rPPG,PRISM,window_to_recording,0.8,1.0,9,52,3.8289388020833335,1.3213212902823201,6.489617431373073,90.38461538461539,PASSED
evaluation_protocols_loss_suite_stage2,UBFC_A0_L5_CE_CONCENTRATION,BH-rPPG,Official,recording,0.0,1.0,105,105,2.3042304230423056,0.2873176498404637,2.3042304230423056,90.47619047619048,PASSED
evaluation_protocols_loss_suite_stage2,UBFC_A0_L5_CE_CONCENTRATION,BH-rPPG,Old,window_to_recording,0.0,1.0,105,5323,4.140242763772176,0.509901112777458,6.082682955298696,84.01277475108022,PASSED
evaluation_protocols_loss_suite_stage2,UBFC_A0_L5_CE_CONCENTRATION,BH-rPPG,PRISM,window_to_recording,0.0,1.0,105,523,3.719970703125,0.436662590273943,5.1282183278238405,84.7036328871893,PASSED
evaluation_protocols_loss_suite_stage2,UBFC_A0_L5_CE_CONCENTRATION,COHFACE,Official,recording,0.0,1.0,160,160,6.993699369936993,0.6324917826901592,6.993699369936993,60.0,PASSED
evaluation_protocols_loss_suite_stage2,UBFC_A0_L5_CE_CONCENTRATION,COHFACE,Old,window_to_recording,0.0,1.0,160,8242,9.737177706784587,0.5405893352206869,13.789918456227463,56.51540888133948,PASSED
evaluation_protocols_loss_suite_stage2,UBFC_A0_L5_CE_CONCENTRATION,COHFACE,PRISM,window_to_recording,0.0,1.0,160,810,7.719010489327568,0.46656691004626233,9.828392580838441,57.90123456790124,PASSED
evaluation_protocols_loss_suite_stage2,UBFC_A0_L5_CE_CONCENTRATION,PURE,Official,recording,0.0,1.0,59,59,7.139697020549514,2.2195225982660642,7.139697020549514,84.7457627118644,PASSED
evaluation_protocols_loss_suite_stage2,UBFC_A0_L5_CE_CONCENTRATION,PURE,Old,window_to_recording,0.0,1.0,59,3576,5.822498037716113,1.5491368132564953,8.830838808654327,86.66107382550335,PASSED
evaluation_protocols_loss_suite_stage2,UBFC_A0_L5_CE_CONCENTRATION,PURE,PRISM,window_to_recording,0.0,1.0,59,374,5.630437744731765,1.4322954986320875,7.934608887197195,85.8288770053476,PASSED
evaluation_protocols_loss_suite_stage2,UBFC_A0_L5_CE_CONCENTRATION,TokyoTech,Official,recording,0.0,1.0,9,9,2.3402340234023424,0.94497544242566,2.3402340234023424,88.88888888888889,PASSED
evaluation_protocols_loss_suite_stage2,UBFC_A0_L5_CE_CONCENTRATION,TokyoTech,Old,window_to_recording,0.0,1.0,9,1521,2.973044049967127,1.4701084373043782,4.477145647440754,90.13806706114399,PASSED
evaluation_protocols_loss_suite_stage2,UBFC_A0_L5_CE_CONCENTRATION,TokyoTech,PRISM,window_to_recording,0.0,1.0,9,153,1.628561580882353,0.6345495201865702,2.7610661986215814,93.4640522875817,PASSED
evaluation_protocols_loss_suite_stage2,UBFC_A0_L5_CE_CONCENTRATION,UBFC-PHYS,Official,recording,0.0,1.0,60,60,5.895589558955895,1.022170340986705,5.895589558955895,66.66666666666666,PASSED
evaluation_protocols_loss_suite_stage2,UBFC_A0_L5_CE_CONCENTRATION,UBFC-PHYS,Old,window_to_recording,0.0,1.0,60,10140,16.542800788954636,1.2417632710919615,21.56646470145576,40.22682445759369,PASSED
evaluation_protocols_loss_suite_stage2,UBFC_A0_L5_CE_CONCENTRATION,UBFC-PHYS,PRISM,window_to_recording,0.0,1.0,60,1020,14.664055319393382,1.1324930151588204,18.886721858237237,39.90196078431373,PASSED
evaluation_protocols_loss_suite_stage2,UBFC_A0_L5_CE_CONCENTRATION,UBFC-rPPG,Official,recording,0.8,1.0,9,9,0.7200720072007208,0.2939681659505765,0.7200720072007208,100.0,PASSED
evaluation_protocols_loss_suite_stage2,UBFC_A0_L5_CE_CONCENTRATION,UBFC-rPPG,Old,window_to_recording,0.8,1.0,9,497,1.5139542623496414,0.4797207175258238,3.2615205360397126,96.98189134808854,PASSED
evaluation_protocols_loss_suite_stage2,UBFC_A0_L5_CE_CONCENTRATION,UBFC-rPPG,PRISM,window_to_recording,0.8,1.0,9,52,0.8188883463541666,0.12346204313093395,1.0350303740509854,98.07692307692307,PASSED
evaluation_protocols_loss_suite_stage2,UBFC_A2_L2_HARMONIC_REPLACE,BH-rPPG,Official,recording,0.0,1.0,105,105,3.7135142085637143,0.8692357220061869,3.7135142085637143,88.57142857142857,PASSED
evaluation_protocols_loss_suite_stage2,UBFC_A2_L2_HARMONIC_REPLACE,BH-rPPG,Old,window_to_recording,0.0,1.0,105,5323,9.475859677204214,1.2304974841264675,14.543472911147457,78.15141837309788,PASSED
evaluation_protocols_loss_suite_stage2,UBFC_A2_L2_HARMONIC_REPLACE,BH-rPPG,PRISM,window_to_recording,0.0,1.0,105,523,7.276663643973214,1.1116927597225883,9.784773152955735,80.11472275334609,PASSED
evaluation_protocols_loss_suite_stage2,UBFC_A2_L2_HARMONIC_REPLACE,COHFACE,Official,recording,0.0,1.0,160,160,3.3415841584158428,0.5624610349205637,3.3415841584158428,85.625,PASSED
evaluation_protocols_loss_suite_stage2,UBFC_A2_L2_HARMONIC_REPLACE,COHFACE,Old,window_to_recording,0.0,1.0,160,8242,7.979500716233076,0.61621762022794,11.581146604523598,68.66051929143411,PASSED
evaluation_protocols_loss_suite_stage2,UBFC_A2_L2_HARMONIC_REPLACE,COHFACE,PRISM,window_to_recording,0.0,1.0,160,810,6.831730433872768,0.5624680310973021,9.231914265329374,68.51851851851852,PASSED
evaluation_protocols_loss_suite_stage2,UBFC_A2_L2_HARMONIC_REPLACE,PURE,Official,recording,0.0,1.0,59,59,8.091656623289447,2.1283508214865945,8.091656623289447,81.35593220338984,PASSED
evaluation_protocols_loss_suite_stage2,UBFC_A2_L2_HARMONIC_REPLACE,PURE,Old,window_to_recording,0.0,1.0,59,3576,7.509661609556908,1.441148318948907,13.192961677425167,82.52237136465325,PASSED
evaluation_protocols_loss_suite_stage2,UBFC_A2_L2_HARMONIC_REPLACE,PURE,PRISM,window_to_recording,0.0,1.0,59,374,8.634497986578769,1.7443005179448974,11.867923729561742,79.67914438502673,PASSED
evaluation_protocols_loss_suite_stage2,UBFC_A2_L2_HARMONIC_REPLACE,TokyoTech,Official,recording,0.0,1.0,9,9,0.7200720072007208,0.30597176799236586,0.7200720072007208,100.0,PASSED
evaluation_protocols_loss_suite_stage2,UBFC_A2_L2_HARMONIC_REPLACE,TokyoTech,Old,window_to_recording,0.0,1.0,9,1521,4.580539119000658,2.0177454690277594,9.584929126580855,87.31097961867192,PASSED
evaluation_protocols_loss_suite_stage2,UBFC_A2_L2_HARMONIC_REPLACE,TokyoTech,PRISM,window_to_recording,0.0,1.0,9,153,3.297334558823529,1.6482224276578548,5.724807828298517,88.88888888888889,PASSED
evaluation_protocols_loss_suite_stage2,UBFC_A2_L2_HARMONIC_REPLACE,UBFC-PHYS,Official,recording,0.0,1.0,60,60,6.507650765076505,1.1792501695086361,6.507650765076505,66.66666666666666,PASSED
evaluation_protocols_loss_suite_stage2,UBFC_A2_L2_HARMONIC_REPLACE,UBFC-PHYS,Old,window_to_recording,0.0,1.0,60,10140,16.955917159763317,1.4592956491910323,22.348468244788588,43.116370808678504,PASSED
evaluation_protocols_loss_suite_stage2,UBFC_A2_L2_HARMONIC_REPLACE,UBFC-PHYS,PRISM,window_to_recording,0.0,1.0,60,1020,15.082397460937502,1.3366762272399055,19.516847144909388,41.37254901960784,PASSED
evaluation_protocols_loss_suite_stage2,UBFC_A2_L2_HARMONIC_REPLACE,UBFC-rPPG,Official,recording,0.8,1.0,9,9,0.5400540054005395,0.1897556351736197,0.5400540054005395,100.0,PASSED
evaluation_protocols_loss_suite_stage2,UBFC_A2_L2_HARMONIC_REPLACE,UBFC-rPPG,Old,window_to_recording,0.8,1.0,9,497,1.1131555175200876,0.20436170329042044,2.22842517783611,97.98792756539235,PASSED
evaluation_protocols_loss_suite_stage2,UBFC_A2_L2_HARMONIC_REPLACE,UBFC-rPPG,PRISM,window_to_recording,0.8,1.0,9,52,0.5950927734375,0.08496343187589966,0.7759772157672666,100.0,PASSED
evaluation_protocols_loss_suite_stage2,UBFC_A2_L3_CONCENTRATION,BH-rPPG,Official,recording,0.0,1.0,105,105,1.6818824739616838,0.20997486163942577,1.6818824739616838,97.14285714285714,PASSED
evaluation_protocols_loss_suite_stage2,UBFC_A2_L3_CONCENTRATION,BH-rPPG,Old,window_to_recording,0.0,1.0,105,5323,6.181987461651326,0.4662732534433579,9.503755959494693,72.98515874506857,PASSED
evaluation_protocols_loss_suite_stage2,UBFC_A2_L3_CONCENTRATION,BH-rPPG,PRISM,window_to_recording,0.0,1.0,105,523,4.743844168526786,0.42391226547376487,6.516241734357678,77.05544933078394,PASSED
evaluation_protocols_loss_suite_stage2,UBFC_A2_L3_CONCENTRATION,COHFACE,Official,recording,0.0,1.0,160,160,5.302655265526552,0.574340672027657,5.302655265526552,70.625,PASSED
evaluation_protocols_loss_suite_stage2,UBFC_A2_L3_CONCENTRATION,COHFACE,Old,window_to_recording,0.0,1.0,160,8242,10.191753386529218,0.6027790471127815,14.051653633370282,57.93496724096093,PASSED
evaluation_protocols_loss_suite_stage2,UBFC_A2_L3_CONCENTRATION,COHFACE,PRISM,window_to_recording,0.0,1.0,160,810,7.6762815202985495,0.5050721006149006,10.176338744521484,59.75308641975309,PASSED
evaluation_protocols_loss_suite_stage2,UBFC_A2_L3_CONCENTRATION,PURE,Official,recording,0.0,1.0,59,59,7.469221498421029,2.4964334680082665,7.469221498421029,86.4406779661017,PASSED
evaluation_protocols_loss_suite_stage2,UBFC_A2_L3_CONCENTRATION,PURE,Old,window_to_recording,0.0,1.0,59,3576,9.262418201612034,2.376154327727396,11.725703511995638,77.48881431767339,PASSED
evaluation_protocols_loss_suite_stage2,UBFC_A2_L3_CONCENTRATION,PURE,PRISM,window_to_recording,0.0,1.0,59,374,8.156062904339437,2.2161482487369235,9.935803563168731,80.21390374331551,PASSED
evaluation_protocols_loss_suite_stage2,UBFC_A2_L3_CONCENTRATION,TokyoTech,Official,recording,0.0,1.0,9,9,0.7200720072007208,0.22452189539597525,0.7200720072007208,100.0,PASSED
evaluation_protocols_loss_suite_stage2,UBFC_A2_L3_CONCENTRATION,TokyoTech,Old,window_to_recording,0.0,1.0,9,1521,4.0828402366863905,2.5105298764566677,5.925783915600633,86.52202498356345,PASSED
evaluation_protocols_loss_suite_stage2,UBFC_A2_L3_CONCENTRATION,TokyoTech,PRISM,window_to_recording,0.0,1.0,9,153,3.1903435202205883,2.0916879061506473,4.344012282860965,88.23529411764706,PASSED
evaluation_protocols_loss_suite_stage2,UBFC_A2_L3_CONCENTRATION,UBFC-PHYS,Official,recording,0.0,1.0,60,60,8.172817281728172,1.315330985653196,8.172817281728172,61.66666666666667,PASSED
evaluation_protocols_loss_suite_stage2,UBFC_A2_L3_CONCENTRATION,UBFC-PHYS,Old,window_to_recording,0.0,1.0,60,10140,16.49171597633136,1.2953074019688438,21.496504444713295,41.370808678500985,PASSED
evaluation_protocols_loss_suite_stage2,UBFC_A2_L3_CONCENTRATION,UBFC-PHYS,PRISM,window_to_recording,0.0,1.0,60,1020,14.59716796875,1.1979626614275587,18.769893601133468,40.98039215686274,PASSED
evaluation_protocols_loss_suite_stage2,UBFC_A2_L3_CONCENTRATION,UBFC-rPPG,Official,recording,0.8,1.0,9,9,0.7800780078007771,0.34062178949747607,0.7800780078007771,100.0,PASSED
evaluation_protocols_loss_suite_stage2,UBFC_A2_L3_CONCENTRATION,UBFC-rPPG,Old,window_to_recording,0.8,1.0,9,497,1.715256977131175,0.73027427045797,3.6994370312921023,95.17102615694165,PASSED
evaluation_protocols_loss_suite_stage2,UBFC_A2_L3_CONCENTRATION,UBFC-rPPG,PRISM,window_to_recording,0.8,1.0,9,52,1.3142903645833333,0.515848607229919,2.400388614943684,94.23076923076923,PASSED
evaluation_protocols_loss_suite_stage2,UBFC_A2_L4_CONCENTRATION_HARMONIC,BH-rPPG,Official,recording,0.0,1.0,105,105,2.746560370322747,0.5448631632485498,2.746560370322747,92.38095238095238,PASSED
evaluation_protocols_loss_suite_stage2,UBFC_A2_L4_CONCENTRATION_HARMONIC,BH-rPPG,Old,window_to_recording,0.0,1.0,105,5323,6.023966920101374,0.643180949674137,9.506825475882913,78.65865113657712,PASSED
evaluation_protocols_loss_suite_stage2,UBFC_A2_L4_CONCENTRATION_HARMONIC,BH-rPPG,PRISM,window_to_recording,0.0,1.0,105,523,4.346923828125,0.4393045332496262,5.946718906826421,81.64435946462714,PASSED
evaluation_protocols_loss_suite_stage2,UBFC_A2_L4_CONCENTRATION_HARMONIC,COHFACE,Official,recording,0.0,1.0,160,160,4.2495499549955,0.6018165652660764,4.2495499549955,80.0,PASSED
evaluation_protocols_loss_suite_stage2,UBFC_A2_L4_CONCENTRATION_HARMONIC,COHFACE,Old,window_to_recording,0.0,1.0,160,8242,9.59261573383668,0.6899187322804031,12.762073199835196,61.198738170347,PASSED
evaluation_protocols_loss_suite_stage2,UBFC_A2_L4_CONCENTRATION_HARMONIC,COHFACE,PRISM,window_to_recording,0.0,1.0,160,810,7.4809962681361615,0.620929891108429,9.535311353951213,65.4320987654321,PASSED
evaluation_protocols_loss_suite_stage2,UBFC_A2_L4_CONCENTRATION_HARMONIC,PURE,Official,recording,0.0,1.0,59,59,5.446307342598667,1.7991278035078706,5.446307342598667,84.7457627118644,PASSED
evaluation_protocols_loss_suite_stage2,UBFC_A2_L4_CONCENTRATION_HARMONIC,PURE,Old,window_to_recording,0.0,1.0,59,3576,8.139437373021563,1.7625946755289394,11.70480550042644,77.57270693512305,PASSED
evaluation_protocols_loss_suite_stage2,UBFC_A2_L4_CONCENTRATION_HARMONIC,PURE,PRISM,window_to_recording,0.0,1.0,59,374,8.528225877960427,1.7481733197888134,11.40044597448444,76.20320855614973,PASSED
evaluation_protocols_loss_suite_stage2,UBFC_A2_L4_CONCENTRATION_HARMONIC,TokyoTech,Official,recording,0.0,1.0,9,9,0.600060006000602,0.2742536093769797,0.600060006000602,100.0,PASSED
evaluation_protocols_loss_suite_stage2,UBFC_A2_L4_CONCENTRATION_HARMONIC,TokyoTech,Old,window_to_recording,0.0,1.0,9,1521,2.4122287968441816,0.9290357258322555,4.499622936715333,90.92702169625247,PASSED
evaluation_protocols_loss_suite_stage2,UBFC_A2_L4_CONCENTRATION_HARMONIC,TokyoTech,PRISM,window_to_recording,0.0,1.0,9,153,1.0347254136029411,0.332407714747091,1.524977158809413,94.11764705882352,PASSED
evaluation_protocols_loss_suite_stage2,UBFC_A2_L4_CONCENTRATION_HARMONIC,UBFC-PHYS,Official,recording,0.0,1.0,60,60,8.397839783978396,1.3286880426679644,8.397839783978396,55.00000000000001,PASSED
evaluation_protocols_loss_suite_stage2,UBFC_A2_L4_CONCENTRATION_HARMONIC,UBFC-PHYS,Old,window_to_recording,0.0,1.0,60,10140,16.32278106508876,1.3203906301872899,21.229095667092146,41.56804733727811,PASSED
evaluation_protocols_loss_suite_stage2,UBFC_A2_L4_CONCENTRATION_HARMONIC,UBFC-PHYS,PRISM,window_to_recording,0.0,1.0,60,1020,14.540297564338234,1.2101510490936935,18.477724455844903,41.27450980392157,PASSED
evaluation_protocols_loss_suite_stage2,UBFC_A2_L4_CONCENTRATION_HARMONIC,UBFC-rPPG,Official,recording,0.8,1.0,9,9,0.7200720072007256,0.24002400240024094,0.7200720072007256,100.0,PASSED
evaluation_protocols_loss_suite_stage2,UBFC_A2_L4_CONCENTRATION_HARMONIC,UBFC-rPPG,Old,window_to_recording,0.8,1.0,9,497,1.7541482432368185,0.6993058429654365,3.6824630806876306,95.37223340040242,PASSED
evaluation_protocols_loss_suite_stage2,UBFC_A2_L4_CONCENTRATION_HARMONIC,UBFC-rPPG,PRISM,window_to_recording,0.8,1.0,9,52,0.5930582682291666,0.09170832971576752,0.7947878027845253,100.0,PASSED
evaluation_protocols_loss_suite_stage2,UBFC_A2_L5_CE_CONCENTRATION,BH-rPPG,Official,recording,0.0,1.0,105,105,2.08820882088209,0.34172017180204073,2.08820882088209,95.23809523809523,PASSED
evaluation_protocols_loss_suite_stage2,UBFC_A2_L5_CE_CONCENTRATION,BH-rPPG,Old,window_to_recording,0.0,1.0,105,5323,4.571193810857676,0.43653544925084087,7.062805887548549,80.85665977832049,PASSED
evaluation_protocols_loss_suite_stage2,UBFC_A2_L5_CE_CONCENTRATION,BH-rPPG,PRISM,window_to_recording,0.0,1.0,105,523,3.8612758091517856,0.4187735763681401,5.060438571808995,83.17399617590823,PASSED
evaluation_protocols_loss_suite_stage2,UBFC_A2_L5_CE_CONCENTRATION,COHFACE,Official,recording,0.0,1.0,160,160,3.2099459945994604,0.4824784232263814,3.2099459945994604,83.75,PASSED
evaluation_protocols_loss_suite_stage2,UBFC_A2_L5_CE_CONCENTRATION,COHFACE,Old,window_to_recording,0.0,1.0,160,8242,7.893822335106529,0.558744900360299,11.431066158525402,66.9740354282941,PASSED
evaluation_protocols_loss_suite_stage2,UBFC_A2_L5_CE_CONCENTRATION,COHFACE,PRISM,window_to_recording,0.0,1.0,160,810,6.48208727155413,0.4995165407549063,8.941184121561166,69.50617283950618,PASSED
evaluation_protocols_loss_suite_stage2,UBFC_A2_L5_CE_CONCENTRATION,PURE,Official,recording,0.0,1.0,59,59,5.199163984195029,2.192855881176136,5.199163984195029,93.22033898305084,PASSED
evaluation_protocols_loss_suite_stage2,UBFC_A2_L5_CE_CONCENTRATION,PURE,Old,window_to_recording,0.0,1.0,59,3576,5.683780893951641,1.815858350918939,7.916328510028688,87.33221476510067,PASSED
evaluation_protocols_loss_suite_stage2,UBFC_A2_L5_CE_CONCENTRATION,PURE,PRISM,window_to_recording,0.0,1.0,59,374,4.809245185759686,1.6378855820945855,6.2236777765667375,89.3048128342246,PASSED
evaluation_protocols_loss_suite_stage2,UBFC_A2_L5_CE_CONCENTRATION,TokyoTech,Official,recording,0.0,1.0,9,9,0.7200720072007208,0.2683549927992535,0.7200720072007208,100.0,PASSED
evaluation_protocols_loss_suite_stage2,UBFC_A2_L5_CE_CONCENTRATION,TokyoTech,Old,window_to_recording,0.0,1.0,9,1521,1.9875082182774493,0.8296044649704234,3.503047406938262,92.43918474687706,PASSED
evaluation_protocols_loss_suite_stage2,UBFC_A2_L5_CE_CONCENTRATION,TokyoTech,PRISM,window_to_recording,0.0,1.0,9,153,1.4296587775735294,0.6237387369721799,2.638845478000594,94.11764705882352,PASSED
evaluation_protocols_loss_suite_stage2,UBFC_A2_L5_CE_CONCENTRATION,UBFC-PHYS,Official,recording,0.0,1.0,60,60,7.983798379837982,1.3302521364213564,7.983798379837982,63.33333333333333,PASSED
evaluation_protocols_loss_suite_stage2,UBFC_A2_L5_CE_CONCENTRATION,UBFC-PHYS,Old,window_to_recording,0.0,1.0,60,10140,16.44605522682446,1.3570454909916922,21.297058659540273,41.81459566074951,PASSED
evaluation_protocols_loss_suite_stage2,UBFC_A2_L5_CE_CONCENTRATION,UBFC-PHYS,PRISM,window_to_recording,0.0,1.0,60,1020,15.13528262867647,1.273899226991864,19.126028786056875,40.68627450980392,PASSED
evaluation_protocols_loss_suite_stage2,UBFC_A2_L5_CE_CONCENTRATION,UBFC-rPPG,Official,recording,0.8,1.0,9,9,0.6600660066006631,0.2514212439239231,0.6600660066006631,100.0,PASSED
evaluation_protocols_loss_suite_stage2,UBFC_A2_L5_CE_CONCENTRATION,UBFC-rPPG,Old,window_to_recording,0.8,1.0,9,497,1.1450577663671373,0.5109339267800873,2.752378901567142,96.78068410462777,PASSED
evaluation_protocols_loss_suite_stage2,UBFC_A2_L5_CE_CONCENTRATION,UBFC-rPPG,PRISM,window_to_recording,0.8,1.0,9,52,0.7904052734375,0.3622847714681072,1.2994769573563782,98.07692307692307,PASSED
evaluation_protocols_official,Released PURE cross,BH-rPPG,Official,recording,0.0,1.0,105,105,2.725986884402727,0.7005710356833661,2.725986884402727,94.28571428571428,PASSED
evaluation_protocols_official,Released PURE cross,BH-rPPG,Old,window_to_recording,0.0,1.0,105,5323,7.112722422302255,0.7692043274845742,11.296357332240296,78.26413676498215,PASSED
evaluation_protocols_official,Released PURE cross,BH-rPPG,PRISM,window_to_recording,0.0,1.0,105,523,5.185076032366071,0.6209502619456335,7.16937088260402,80.87954110898661,PASSED
evaluation_protocols_official,Released PURE cross,COHFACE,Official,recording,0.0,1.0,160,160,5.88996399639964,0.6668627786543833,5.88996399639964,68.75,PASSED
evaluation_protocols_official,Released PURE cross,COHFACE,Old,window_to_recording,0.0,1.0,160,8242,13.686401834294145,0.5555759780689181,18.87675313246525,44.30963358408153,PASSED
evaluation_protocols_official,Released PURE cross,COHFACE,PRISM,window_to_recording,0.0,1.0,160,810,11.67791748046875,0.6174949406522634,15.103844737803513,47.03703703703704,PASSED
evaluation_protocols_official,Released PURE cross,PURE,Official,recording,0.6,1.0,24,24,0.36003600360035976,0.13375753450440336,0.36003600360035976,100.0,PASSED
evaluation_protocols_official,Released PURE cross,PURE,Old,window_to_recording,0.6,1.0,24,1464,0.6196001837488799,0.05647590199217245,1.1743237115853133,99.4535519125683,PASSED
evaluation_protocols_official,Released PURE cross,PURE,PRISM,window_to_recording,0.6,1.0,24,153,0.6182261875697544,0.1189522744097157,0.9000570807305367,98.0392156862745,PASSED
evaluation_protocols_official,Released PURE cross,TokyoTech,Official,recording,0.0,1.0,9,9,0.6600660066006598,0.2366668580097849,0.6600660066006598,100.0,PASSED
evaluation_protocols_official,Released PURE cross,TokyoTech,Old,window_to_recording,0.0,1.0,9,1521,3.1196581196581192,1.4659253925334912,5.194893032772471,87.83694937541091,PASSED
evaluation_protocols_official,Released PURE cross,TokyoTech,PRISM,window_to_recording,0.0,1.0,9,153,3.0194450827205883,1.8110827385683503,4.015526991646396,86.9281045751634,PASSED
evaluation_protocols_official,Released PURE cross,UBFC-PHYS,Official,recording,0.0,1.0,60,60,9.17191719171917,1.7988064816968696,9.17191719171917,63.33333333333333,PASSED
evaluation_protocols_official,Released PURE cross,UBFC-PHYS,Old,window_to_recording,0.0,1.0,60,10140,18.351282051282055,1.841806099079345,24.368463945158812,47.02169625246548,PASSED
evaluation_protocols_official,Released PURE cross,UBFC-PHYS,PRISM,window_to_recording,0.0,1.0,60,1020,16.141285615808822,1.657951933623431,21.312631975646,47.74509803921569,PASSED
evaluation_protocols_official,Released PURE cross,UBFC-rPPG,Official,recording,0.0,1.0,42,42,0.9515237238009514,0.24042822143851042,0.9515237238009514,95.23809523809523,PASSED
evaluation_protocols_official,Released PURE cross,UBFC-rPPG,Old,window_to_recording,0.0,1.0,42,2280,0.9044722381892422,0.08860529945994072,1.7472731447960246,97.93859649122807,PASSED
evaluation_protocols_official,Released PURE cross,UBFC-rPPG,PRISM,window_to_recording,0.0,1.0,42,239,0.9354509626116071,0.21968895901702745,1.4035655099756763,96.65271966527197,PASSED
evaluation_protocols_official,Released UBFC cross,BH-rPPG,Official,recording,0.0,1.0,105,105,2.0316317346020325,0.3447612154112881,2.0316317346020325,95.23809523809523,PASSED
evaluation_protocols_official,Released UBFC cross,BH-rPPG,Old,window_to_recording,0.0,1.0,105,5323,5.191975456849406,0.7150088084625961,8.29103728629457,85.77869622393386,PASSED
evaluation_protocols_official,Released UBFC cross,BH-rPPG,PRISM,window_to_recording,0.0,1.0,105,523,3.6215122767857144,0.4734934708523403,4.854616085282792,86.9980879541109,PASSED
evaluation_protocols_official,Released UBFC cross,COHFACE,Official,recording,0.0,1.0,160,160,3.3719621962196227,0.5072166977033502,3.3719621962196227,84.375,PASSED
evaluation_protocols_official,Released UBFC cross,COHFACE,Old,window_to_recording,0.0,1.0,160,8242,7.551830070027012,0.5512622643627962,11.047488331190944,68.24799805872361,PASSED
evaluation_protocols_official,Released UBFC cross,COHFACE,PRISM,window_to_recording,0.0,1.0,160,810,5.923272269112724,0.4585940470079949,8.200889373035164,70.49382716049382,PASSED
evaluation_protocols_official,Released UBFC cross,PURE,Official,recording,0.0,1.0,59,59,1.9863003249477493,0.8076276496666639,1.9863003249477493,91.52542372881356,PASSED
evaluation_protocols_official,Released UBFC cross,PURE,Old,window_to_recording,0.0,1.0,59,3576,4.07044544991169,0.8950916333587406,7.678024554996811,90.04474272930649,PASSED
evaluation_protocols_official,Released UBFC cross,PURE,PRISM,window_to_recording,0.0,1.0,59,374,4.733653218636501,1.072363510740699,7.529398836036095,89.03743315508021,PASSED
evaluation_protocols_official,Released UBFC cross,TokyoTech,Official,recording,0.0,1.0,9,9,0.6000600060006005,0.17890332853283605,0.6000600060006005,100.0,PASSED
evaluation_protocols_official,Released UBFC cross,TokyoTech,Old,window_to_recording,0.0,1.0,9,1521,4.840236686390532,2.7710235372528254,7.729364420494235,85.79881656804734,PASSED
evaluation_protocols_official,Released UBFC cross,TokyoTech,PRISM,window_to_recording,0.0,1.0,9,153,3.6075367647058822,2.4060188316164104,4.818969483993238,87.58169934640523,PASSED
evaluation_protocols_official,Released UBFC cross,UBFC-PHYS,Official,recording,0.0,1.0,60,60,6.669666966696671,1.2627480115061704,6.669666966696671,68.33333333333333,PASSED
evaluation_protocols_official,Released UBFC cross,UBFC-PHYS,Old,window_to_recording,0.0,1.0,60,10140,18.960256410256413,1.71791019309102,25.385539477625585,44.16173570019724,PASSED
evaluation_protocols_official,Released UBFC cross,UBFC-PHYS,PRISM,window_to_recording,0.0,1.0,60,1020,16.332900103400736,1.5252461242541353,21.697330401592318,45.3921568627451,PASSED
evaluation_protocols_official,Released UBFC cross,UBFC-rPPG,Official,recording,0.72,1.0,12,12,0.450045004500448,0.16637468506464814,0.450045004500448,100.0,PASSED
evaluation_protocols_official,Released UBFC cross,UBFC-rPPG,Old,window_to_recording,0.72,1.0,12,668,0.6441306518328341,0.13336327418017324,1.2367180023488296,98.65269461077844,PASSED
evaluation_protocols_official,Released UBFC cross,UBFC-rPPG,PRISM,window_to_recording,0.72,1.0,12,70,0.423431396484375,0.06293325645240842,0.5151128811139508,100.0,PASSED
evaluation_protocols_ubfc_seed_stability,Our UBFC cross-matched (seed 100),BH-rPPG,Official,recording,0.0,1.0,105,105,3.5900732930435906,0.8497304528775628,3.5900732930435906,89.52380952380953,PASSED
evaluation_protocols_ubfc_seed_stability,Our UBFC cross-matched (seed 100),BH-rPPG,Old,window_to_recording,0.0,1.0,105,5323,7.750668267306923,1.0059688238212685,11.737084278569137,78.4144279541612,PASSED
evaluation_protocols_ubfc_seed_stability,Our UBFC cross-matched (seed 100),BH-rPPG,PRISM,window_to_recording,0.0,1.0,105,523,5.580426897321429,0.7787866681999469,7.492612783844262,79.92351816443595,PASSED
evaluation_protocols_ubfc_seed_stability,Our UBFC cross-matched (seed 100),COHFACE,Official,recording,0.0,1.0,160,160,8.02317731773177,0.7370279154948175,8.02317731773177,58.12500000000001,PASSED
evaluation_protocols_ubfc_seed_stability,Our UBFC cross-matched (seed 100),COHFACE,Old,window_to_recording,0.0,1.0,160,8242,15.525591916228034,0.6348778475216516,20.353676110541443,40.12375636981315,PASSED
evaluation_protocols_ubfc_seed_stability,Our UBFC cross-matched (seed 100),COHFACE,PRISM,window_to_recording,0.0,1.0,160,810,10.882298060825892,0.5547534440425647,14.135143563108794,47.03703703703704,PASSED
evaluation_protocols_ubfc_seed_stability,Our UBFC cross-matched (seed 100),PURE,Official,recording,0.0,1.0,59,59,0.6773558711803374,0.16557044972730672,0.6773558711803374,96.61016949152543,PASSED
evaluation_protocols_ubfc_seed_stability,Our UBFC cross-matched (seed 100),PURE,Old,window_to_recording,0.0,1.0,59,3576,2.863175639886227,0.8797023961320184,4.926126224841888,93.20469798657717,PASSED
evaluation_protocols_ubfc_seed_stability,Our UBFC cross-matched (seed 100),PURE,PRISM,window_to_recording,0.0,1.0,59,374,2.686585063795777,0.9107351915049045,4.1625693546259805,92.7807486631016,PASSED
evaluation_protocols_ubfc_seed_stability,Our UBFC cross-matched (seed 100),TokyoTech,Official,recording,0.0,1.0,9,9,1.2001200120012026,0.33707969889694267,1.2001200120012026,100.0,PASSED
evaluation_protocols_ubfc_seed_stability,Our UBFC cross-matched (seed 100),TokyoTech,Old,window_to_recording,0.0,1.0,9,1521,6.500986193293886,3.2128048461390986,10.401511771224646,81.85404339250493,PASSED
evaluation_protocols_ubfc_seed_stability,Our UBFC cross-matched (seed 100),TokyoTech,PRISM,window_to_recording,0.0,1.0,9,153,4.28323184742647,2.6491747798609073,5.8330194400972,84.31372549019608,PASSED
evaluation_protocols_ubfc_seed_stability,Our UBFC cross-matched (seed 100),UBFC-PHYS,Official,recording,0.0,1.0,60,60,7.452745274527453,1.3579014547577462,7.452745274527453,61.66666666666667,PASSED
evaluation_protocols_ubfc_seed_stability,Our UBFC cross-matched (seed 100),UBFC-PHYS,Old,window_to_recording,0.0,1.0,60,10140,18.024457593688364,1.534228457085386,23.81515429175605,42.60355029585799,PASSED
evaluation_protocols_ubfc_seed_stability,Our UBFC cross-matched (seed 100),UBFC-PHYS,PRISM,window_to_recording,0.0,1.0,60,1020,15.45937930836397,1.3450837880612359,20.37738420911906,43.23529411764706,PASSED
evaluation_protocols_ubfc_seed_stability,Our UBFC cross-matched (seed 100),UBFC-rPPG,Official,recording,0.8,1.0,9,9,0.5400540054005395,0.2245218953959768,0.5400540054005395,100.0,PASSED
evaluation_protocols_ubfc_seed_stability,Our UBFC cross-matched (seed 100),UBFC-rPPG,Old,window_to_recording,0.8,1.0,9,497,0.8034992630628061,0.07804679648804637,1.4853108134686108,98.59154929577466,PASSED
evaluation_protocols_ubfc_seed_stability,Our UBFC cross-matched (seed 100),UBFC-rPPG,PRISM,window_to_recording,0.8,1.0,9,52,0.5828857421875,0.06750756845311302,0.7298724049398815,100.0,PASSED
evaluation_protocols_ubfc_seed_stability,Our UBFC cross-matched (seed 101),BH-rPPG,Official,recording,0.0,1.0,105,105,2.8391410569628395,0.6661024929797618,2.8391410569628395,90.47619047619048,PASSED
evaluation_protocols_ubfc_seed_stability,Our UBFC cross-matched (seed 101),BH-rPPG,Old,window_to_recording,0.0,1.0,105,5323,8.97015873015873,1.183575021487184,13.82267470319543,79.16588390005636,PASSED
evaluation_protocols_ubfc_seed_stability,Our UBFC cross-matched (seed 101),BH-rPPG,PRISM,window_to_recording,0.0,1.0,105,523,6.040544782366071,0.8552472427323862,8.468154741863316,82.02676864244742,PASSED
evaluation_protocols_ubfc_seed_stability,Our UBFC cross-matched (seed 101),COHFACE,Official,recording,0.0,1.0,160,160,5.275652565256525,0.640500369736164,5.275652565256525,72.5,PASSED
evaluation_protocols_ubfc_seed_stability,Our UBFC cross-matched (seed 101),COHFACE,Old,window_to_recording,0.0,1.0,160,8242,12.720290023636391,0.6554510224116173,18.24920477724084,52.924047561271536,PASSED
evaluation_protocols_ubfc_seed_stability,Our UBFC cross-matched (seed 101),COHFACE,PRISM,window_to_recording,0.0,1.0,160,810,9.776625497000557,0.6981824555651831,13.29346888428302,59.25925925925925,PASSED
evaluation_protocols_ubfc_seed_stability,Our UBFC cross-matched (seed 101),PURE,Official,recording,0.0,1.0,59,59,2.4073593800057953,1.0660789815816096,2.4073593800057953,93.22033898305084,PASSED
evaluation_protocols_ubfc_seed_stability,Our UBFC cross-matched (seed 101),PURE,Old,window_to_recording,0.0,1.0,59,3576,3.1111307866839017,0.7542397105043656,6.365575306695681,93.23266219239373,PASSED
evaluation_protocols_ubfc_seed_stability,Our UBFC cross-matched (seed 101),PURE,PRISM,window_to_recording,0.0,1.0,59,374,3.534755752969885,0.8804643093309087,5.998348438059415,91.97860962566845,PASSED
evaluation_protocols_ubfc_seed_stability,Our UBFC cross-matched (seed 101),TokyoTech,Official,recording,0.0,1.0,9,9,1.980198019801981,1.1321909549422882,1.980198019801981,88.88888888888889,PASSED
evaluation_protocols_ubfc_seed_stability,Our UBFC cross-matched (seed 101),TokyoTech,Old,window_to_recording,0.0,1.0,9,1521,2.6232741617357003,1.3364141406028223,4.321902729912149,90.8612754766601,PASSED
evaluation_protocols_ubfc_seed_stability,Our UBFC cross-matched (seed 101),TokyoTech,PRISM,window_to_recording,0.0,1.0,9,153,1.497156479779412,0.6052795652797892,2.468735849711636,94.77124183006535,PASSED
evaluation_protocols_ubfc_seed_stability,Our UBFC cross-matched (seed 101),UBFC-PHYS,Official,recording,0.0,1.0,60,60,7.929792979297931,1.6281178633771363,7.929792979297931,63.33333333333333,PASSED
evaluation_protocols_ubfc_seed_stability,Our UBFC cross-matched (seed 101),UBFC-PHYS,Old,window_to_recording,0.0,1.0,60,10140,18.784516765286,1.6627239775494405,25.03866743970671,43.757396449704146,PASSED
evaluation_protocols_ubfc_seed_stability,Our UBFC cross-matched (seed 101),UBFC-PHYS,PRISM,window_to_recording,0.0,1.0,60,1020,15.761826459099264,1.4416958930939845,20.971634414940013,43.92156862745098,PASSED
evaluation_protocols_ubfc_seed_stability,Our UBFC cross-matched (seed 101),UBFC-rPPG,Official,recording,0.8,1.0,9,9,0.5400540054005378,0.2078668835966256,0.5400540054005378,100.0,PASSED
evaluation_protocols_ubfc_seed_stability,Our UBFC cross-matched (seed 101),UBFC-rPPG,Old,window_to_recording,0.8,1.0,9,497,0.6639090952313031,0.06085976163586143,1.254855422646254,99.19517102615694,PASSED
evaluation_protocols_ubfc_seed_stability,Our UBFC cross-matched (seed 101),UBFC-rPPG,PRISM,window_to_recording,0.8,1.0,9,52,0.4964192708333333,0.06544939977454854,0.6248211002882582,100.0,PASSED
evaluation_protocols_ubfc_seed_stability,Our UBFC cross-matched (seed 102),BH-rPPG,Official,recording,0.0,1.0,105,105,3.358621576443358,0.6503866330251187,3.358621576443358,86.66666666666667,PASSED
evaluation_protocols_ubfc_seed_stability,Our UBFC cross-matched (seed 102),BH-rPPG,Old,window_to_recording,0.0,1.0,105,5323,9.436569294384421,1.204338980255529,13.699001715829867,76.83637046778132,PASSED
evaluation_protocols_ubfc_seed_stability,Our UBFC cross-matched (seed 102),BH-rPPG,PRISM,window_to_recording,0.0,1.0,105,523,6.836321149553571,1.0026793809621588,8.820977526538051,78.0114722753346,PASSED
evaluation_protocols_ubfc_seed_stability,Our UBFC cross-matched (seed 102),COHFACE,Official,recording,0.0,1.0,160,160,4.786228622862286,0.710033158722324,4.786228622862286,80.625,PASSED
evaluation_protocols_ubfc_seed_stability,Our UBFC cross-matched (seed 102),COHFACE,Old,window_to_recording,0.0,1.0,160,8242,9.02779748060523,0.611257855418366,13.002326999141445,63.85586022809998,PASSED
evaluation_protocols_ubfc_seed_stability,Our UBFC cross-matched (seed 102),COHFACE,PRISM,window_to_recording,0.0,1.0,160,810,7.2594451904296875,0.6059949031447831,9.848782388983786,67.90123456790124,PASSED
evaluation_protocols_ubfc_seed_stability,Our UBFC cross-matched (seed 102),PURE,Official,recording,0.0,1.0,59,59,0.8055042792414818,0.28283232889164445,0.8055042792414818,96.61016949152543,PASSED
evaluation_protocols_ubfc_seed_stability,Our UBFC cross-matched (seed 102),PURE,Old,window_to_recording,0.0,1.0,59,3576,3.151804440805836,0.912235663656128,5.53669763552487,93.68008948545862,PASSED
evaluation_protocols_ubfc_seed_stability,Our UBFC cross-matched (seed 102),PURE,PRISM,window_to_recording,0.0,1.0,59,374,3.333439492140209,1.017980717742688,5.2040800074571445,93.31550802139037,PASSED
evaluation_protocols_ubfc_seed_stability,Our UBFC cross-matched (seed 102),TokyoTech,Official,recording,0.0,1.0,9,9,0.7200720072007193,0.28145309089849446,0.7200720072007193,100.0,PASSED
evaluation_protocols_ubfc_seed_stability,Our UBFC cross-matched (seed 102),TokyoTech,Old,window_to_recording,0.0,1.0,9,1521,3.5476660092044705,1.9910971206931294,5.944827900371418,89.48060486522024,PASSED
evaluation_protocols_ubfc_seed_stability,Our UBFC cross-matched (seed 102),TokyoTech,PRISM,window_to_recording,0.0,1.0,9,153,2.4457146139705883,1.4650715092703808,3.588699028255645,92.15686274509804,PASSED
evaluation_protocols_ubfc_seed_stability,Our UBFC cross-matched (seed 102),UBFC-PHYS,Official,recording,0.0,1.0,60,60,8.613861386138614,1.7638285169189516,8.613861386138614,66.66666666666666,PASSED
evaluation_protocols_ubfc_seed_stability,Our UBFC cross-matched (seed 102),UBFC-PHYS,Old,window_to_recording,0.0,1.0,60,10140,18.132741617357,1.6477567191626818,24.0205732225572,43.98422090729783,PASSED
evaluation_protocols_ubfc_seed_stability,Our UBFC cross-matched (seed 102),UBFC-PHYS,PRISM,window_to_recording,0.0,1.0,60,1020,15.87729061351103,1.4089531186966968,21.142657016948622,44.80392156862745,PASSED
evaluation_protocols_ubfc_seed_stability,Our UBFC cross-matched (seed 102),UBFC-rPPG,Official,recording,0.8,1.0,9,9,0.6000600060005988,0.21542813509889133,0.6000600060005988,100.0,PASSED
evaluation_protocols_ubfc_seed_stability,Our UBFC cross-matched (seed 102),UBFC-rPPG,Old,window_to_recording,0.8,1.0,9,497,1.041648837541007,0.3478691217313949,2.4652312347616974,98.39034205231388,PASSED
evaluation_protocols_ubfc_seed_stability,Our UBFC cross-matched (seed 102),UBFC-rPPG,PRISM,window_to_recording,0.8,1.0,9,52,0.5320231119791666,0.05886798622625571,0.6710628228790101,100.0,PASSED
